-- MySQL dump 10.13  Distrib 5.7.30, for Linux (x86_64)
--
-- Host: 127.0.0.1    Database: DBREGASI
-- ------------------------------------------------------
-- Server version	5.7.30-0ubuntu0.18.04.1

/*!40101 SET @OLD_CHARACTER_SET_CLIENT=@@CHARACTER_SET_CLIENT */;
/*!40101 SET @OLD_CHARACTER_SET_RESULTS=@@CHARACTER_SET_RESULTS */;
/*!40101 SET @OLD_COLLATION_CONNECTION=@@COLLATION_CONNECTION */;
/*!40101 SET NAMES utf8 */;
/*!40103 SET @OLD_TIME_ZONE=@@TIME_ZONE */;
/*!40103 SET TIME_ZONE='+00:00' */;
/*!40014 SET @OLD_UNIQUE_CHECKS=@@UNIQUE_CHECKS, UNIQUE_CHECKS=0 */;
/*!40014 SET @OLD_FOREIGN_KEY_CHECKS=@@FOREIGN_KEY_CHECKS, FOREIGN_KEY_CHECKS=0 */;
/*!40101 SET @OLD_SQL_MODE=@@SQL_MODE, SQL_MODE='NO_AUTO_VALUE_ON_ZERO' */;
/*!40111 SET @OLD_SQL_NOTES=@@SQL_NOTES, SQL_NOTES=0 */;

--
-- Temporary table structure for view `asistencias`
--

DROP TABLE IF EXISTS `asistencias`;
/*!50001 DROP VIEW IF EXISTS `asistencias`*/;
SET @saved_cs_client     = @@character_set_client;
SET character_set_client = utf8;
/*!50001 CREATE VIEW `asistencias` AS SELECT 
 1 AS `claveEmpleado`,
 1 AS `fecha`,
 1 AS `biometrico`*/;
SET character_set_client = @saved_cs_client;

--
-- Table structure for table `cestads`
--

DROP TABLE IF EXISTS `cestads`;
/*!40101 SET @saved_cs_client     = @@character_set_client */;
/*!40101 SET character_set_client = utf8 */;
CREATE TABLE `cestads` (
  `NIDESTA` decimal(2,0) NOT NULL,
  `CNOMEST` varchar(25) DEFAULT NULL,
  PRIMARY KEY (`NIDESTA`)
) ENGINE=InnoDB DEFAULT CHARSET=latin1;
/*!40101 SET character_set_client = @saved_cs_client */;

--
-- Dumping data for table `cestads`
--

LOCK TABLES `cestads` WRITE;
/*!40000 ALTER TABLE `cestads` DISABLE KEYS */;
INSERT INTO `cestads` VALUES (1,'AGUASCALIENTES'),(2,'BAJA CALIFORNIA NORTE'),(3,'BAJA CALIFORNIA SUR'),(9,'CIUDAD DE MEXICO'),(15,'MEXICO, ESTADO DE'),(25,'SINALOA'),(32,'ZACATECAS'),(33,'EXTRANJERO');
/*!40000 ALTER TABLE `cestads` ENABLE KEYS */;
UNLOCK TABLES;

--
-- Table structure for table `chorars`
--

DROP TABLE IF EXISTS `chorars`;
/*!40101 SET @saved_cs_client     = @@character_set_client */;
/*!40101 SET character_set_client = utf8 */;
CREATE TABLE `chorars` (
  `NIDHORA` decimal(5,0) NOT NULL,
  `CDESCHR` varchar(100) DEFAULT NULL,
  `CSTATUS` char(1) DEFAULT NULL,
  `CUSUINS` char(10) DEFAULT NULL,
  `DFECINS` date DEFAULT NULL,
  `CUSUMOD` char(10) DEFAULT NULL,
  `DFECMOD` date DEFAULT NULL,
  PRIMARY KEY (`NIDHORA`)
) ENGINE=InnoDB DEFAULT CHARSET=latin1;
/*!40101 SET character_set_client = @saved_cs_client */;

--
-- Dumping data for table `chorars`
--

LOCK TABLES `chorars` WRITE;
/*!40000 ALTER TABLE `chorars` DISABLE KEYS */;
INSERT INTO `chorars` VALUES (1,'DE 07:00 A 15:10 HORAS','A',NULL,NULL,'Joshua','2020-04-27'),(2,'DE 08:00 A 16:00 HORAS','A',NULL,NULL,NULL,NULL),(3,'DE 14:00 A 22:00 HORAS','A',NULL,NULL,NULL,NULL),(4,'DE 13:00 A 21:00 HORAS','A',NULL,NULL,NULL,NULL),(5,'DE 15:00 A 10:00 HORAS','A','Joshua','2020-04-27','Joshua','2020-04-27'),(6,'DE 07:00 A 15:00 HORAS','A','Joshua','2020-04-27','Joshua','2020-04-27');
/*!40000 ALTER TABLE `chorars` ENABLE KEYS */;
UNLOCK TABLES;

--
-- Table structure for table `cjusasi`
--

DROP TABLE IF EXISTS `cjusasi`;
/*!40101 SET @saved_cs_client     = @@character_set_client */;
/*!40101 SET character_set_client = utf8 */;
CREATE TABLE `cjusasi` (
  `NIDTPJU` decimal(2,0) NOT NULL,
  `CDESJUS` varchar(100) DEFAULT NULL,
  `CSTATUS` char(1) DEFAULT NULL,
  `CUSUINS` char(10) DEFAULT NULL,
  `DFECINS` date DEFAULT NULL,
  `CUSUMOD` char(10) DEFAULT NULL,
  `DFECMOD` date DEFAULT NULL,
  PRIMARY KEY (`NIDTPJU`)
) ENGINE=InnoDB DEFAULT CHARSET=latin1;
/*!40101 SET character_set_client = @saved_cs_client */;

--
-- Dumping data for table `cjusasi`
--

LOCK TABLES `cjusasi` WRITE;
/*!40000 ALTER TABLE `cjusasi` DISABLE KEYS */;
/*!40000 ALTER TABLE `cjusasi` ENABLE KEYS */;
UNLOCK TABLES;

--
-- Table structure for table `cmunics`
--

DROP TABLE IF EXISTS `cmunics`;
/*!40101 SET @saved_cs_client     = @@character_set_client */;
/*!40101 SET character_set_client = utf8 */;
CREATE TABLE `cmunics` (
  `NIDESTA` decimal(2,0) NOT NULL,
  `NIDMUNI` decimal(4,0) NOT NULL,
  `CNOMMUN` varchar(50) DEFAULT NULL,
  PRIMARY KEY (`NIDESTA`,`NIDMUNI`),
  CONSTRAINT `FK_CMUNICS_CESTADS` FOREIGN KEY (`NIDESTA`) REFERENCES `cestads` (`NIDESTA`)
) ENGINE=InnoDB DEFAULT CHARSET=latin1;
/*!40101 SET character_set_client = @saved_cs_client */;

--
-- Dumping data for table `cmunics`
--

LOCK TABLES `cmunics` WRITE;
/*!40000 ALTER TABLE `cmunics` DISABLE KEYS */;
INSERT INTO `cmunics` VALUES (9,1,'ALVARO OBREGON'),(9,2,'AZCAPOTZALCO'),(9,7,'GUSTAVO A. MADERO'),(9,16,'XOCHIMILCO'),(9,39,'GUADALAJARA'),(15,58,'NEZAHUALCOYOTL'),(15,115,'TLALNEPANTLA DE BAZ'),(25,1,'AHOME'),(25,6,'CULIACAN'),(25,10,'EL FUERTE'),(25,11,'GUASAVE'),(25,12,'MAZATLAN');
/*!40000 ALTER TABLE `cmunics` ENABLE KEYS */;
UNLOCK TABLES;

--
-- Table structure for table `ddatemp`
--

DROP TABLE IF EXISTS `ddatemp`;
/*!40101 SET @saved_cs_client     = @@character_set_client */;
/*!40101 SET character_set_client = utf8 */;
CREATE TABLE `ddatemp` (
  `CCVEEMP` char(6) NOT NULL,
  `CNOMBRE` varchar(35) NOT NULL,
  `CAPEUNO` varchar(35) DEFAULT NULL,
  `CAPEDOS` varchar(35) DEFAULT NULL,
  `CCURPEM` char(18) DEFAULT NULL,
  `DFECING` date DEFAULT NULL,
  `CNMCALL` varchar(35) DEFAULT NULL,
  `CNUMEXT` varchar(15) DEFAULT NULL,
  `CNUMINT` varchar(15) DEFAULT NULL,
  `CCOLONI` varchar(50) DEFAULT NULL,
  `CCODPOS` char(5) DEFAULT NULL,
  `NIDESTA` decimal(2,0) DEFAULT NULL,
  `NIDMUNI` decimal(4,0) DEFAULT NULL,
  `CSTATUS` char(1) DEFAULT NULL,
  `CUSUINS` char(10) DEFAULT NULL,
  `DFECINS` date DEFAULT NULL,
  `CUSUMOD` char(10) DEFAULT NULL,
  `DFECMOD` date DEFAULT NULL,
  PRIMARY KEY (`CCVEEMP`),
  KEY `FK_DDATEMP_CMUNICS` (`NIDESTA`,`NIDMUNI`),
  CONSTRAINT `FK_DDATEMP_CMUNICS` FOREIGN KEY (`NIDESTA`, `NIDMUNI`) REFERENCES `cmunics` (`NIDESTA`, `NIDMUNI`)
) ENGINE=InnoDB DEFAULT CHARSET=latin1;
/*!40101 SET character_set_client = @saved_cs_client */;

--
-- Dumping data for table `ddatemp`
--

LOCK TABLES `ddatemp` WRITE;
/*!40000 ALTER TABLE `ddatemp` DISABLE KEYS */;
INSERT INTO `ddatemp` VALUES ('006609','JOSE MARIO','RODRIGUEZ','APARICIO','ROAM680524HDFDPR02','2019-05-16','TRES','39','S/N','PROGRESO NACIONAL','07720',9,7,'A',NULL,NULL,'Joshua','2020-03-28'),('111770','JOSHUA','SORIA','LÁSCARES','SOLJ001117HPLRSSA9','2020-03-28','42','17','0','El sol','57200',15,58,'A','Joshua','2020-03-28',NULL,NULL),('120420','AKEMI CLARISSA','OLVERA','ARAO','OEAA970422MSLLRKA1','2020-04-06','INDEPENDENCIA','1361','41','JADINES DEL VALLE','81245',25,1,'A',NULL,NULL,NULL,NULL),('120421','SAORI ANDREA','OLVERA','ARAO','OEAS020328MSLLRR23','2015-06-27','INDEPENDENCIA','1361','42','JADINES DEL VALLE','81245',25,1,'A',NULL,NULL,NULL,NULL),('120422','JORGE AKIO','OLVERA','ARAO','OEAJ970724HSLLRRN3','2018-08-23','INDEPENDENCIA','1361','43','JADINES DEL VALLE','81245',25,1,'A',NULL,NULL,NULL,NULL),('120423','MARTHA SOFIA','ARAGON','BOJORQUEZ','AABM000327MSLRJR76','2016-10-19','LEYVA','87','S/N','CENTRO','81043',25,1,'A',NULL,NULL,NULL,NULL),('120424','ANNA PAOLA','CEBALLOS','HERNANDEZ','CEHA000819MSLBRNG2','2019-12-15','TOPOLOBAMPO','1392','16','MISIONES','81477',25,1,'A',NULL,NULL,NULL,NULL),('120425','ALEJANDRA','CAMARGO','ANGULO','CAAA000515MSLMNLR3','2018-03-11','MADRES ADORATRICES','97','S/N','LAS VILLAS','81157',25,10,'A',NULL,NULL,NULL,NULL),('120426','YAMNE','BALDENEBRO','HALLAL','BAHY011126MSLLLMY0','2017-05-15','MANZANITAS','54','S/N','CENTRO','81476',25,6,'A',NULL,NULL,NULL,NULL),('120427','KINARI','HERRERA','KOOK','HEKK991129MSLRKND2','2015-07-24','RIO CAÑAS','392','11','LAS DELICIAS','81448',25,6,'I',NULL,NULL,NULL,NULL),('120428','PERLA','YEPIZ','ESCALANTE','YEEP990513MSLPSRH2','2018-09-25','CANUTO IBARRA','934','S/N','EL MAVIRI','81335',25,12,'A',NULL,NULL,NULL,NULL),('120429','ALEJANDRA','VARGAS','LOPEZ','VALA880211MSLRPL23','2016-11-26','CORONADO','395','65','OASIS','81077',25,12,'A',NULL,NULL,NULL,NULL),('120430','KEVIN DARIEL','VALENZUELA','TRIGUEROS','VATK989713HSLLRVU8','2019-08-02','PAPA LOUIE','1487','31','DEL REAL','81541',25,6,'A',NULL,NULL,NULL,NULL),('120431','MARIA FERNANDA','RAMOS','GARCIA','RAGM920721MSLMRR72','2018-10-03','KAMABOKO','326','S/N','GONPACHIRO','81003',25,11,'A',NULL,NULL,NULL,NULL),('120432','DAFNE','OSORIO','CARRILLO','OOCD950910MSLSRF74','2017-12-07','ZAPATA','8765','9','DEPORTIVO','1271',9,2,'A',NULL,NULL,NULL,NULL),('120433','JAVIER MASAMI','ARAO','QUIROZ','AAQJ830422HDFRRVI6','2020-01-05','KLONDIKE','10','S/N','COUNTRY CLUB','1886',9,7,'A',NULL,NULL,NULL,NULL),('120434','ELIMM','CORONA','LUCAS','COLE000126HDFRCLK1','2018-10-03','ROSENDO G CASTRO','876','40','EL DORADO','1760',9,7,'A',NULL,NULL,NULL,NULL),('120435','ERICK','LOPEZ','GUTIRREZ','LOGR970106HMCPTR12','2017-12-07','CONSTRUCCION','234','S/N','FERROCARRIL','1662',9,16,'A',NULL,NULL,NULL,NULL),('120436','MARGARITA MICHIKO','ARAO','TOYOHARA','AATM730501MSLRYRH4','2020-01-05','AGUSTIN MELGAR','654','17','LA ESPERANZA','1254',9,39,'A',NULL,NULL,NULL,NULL),('120437','JORGE LUIS','OLVERA','TERRAZAS','OETJ751024HSLRRRY2','2020-04-06','DEGOLLADO','1278','S/N','FUENTES','1203',9,7,'A',NULL,NULL,NULL,NULL),('120438','SAMANTHA','COTA','CASA','COCS820110MSLTSM53','2017-05-27','NIÑOS HEROES','479','37','OBRERA','1465',9,1,'I',NULL,NULL,NULL,NULL),('120440','HARRY EDWARD','STYLES','COX','SECH940201HSLTRXD1','2018-10-31','MAPLE','75','22','PRADOS DEL SUR','54615',15,115,'A',NULL,NULL,NULL,NULL),('120441','SOFIA','RAMOS','ALATRORRE','RAAS810224MSLMLFC7','2016-08-26','ALLENDE','325','28','QUINTA REAL','54832',15,58,'A',NULL,NULL,NULL,NULL),('120442','ARMANDO','CASA','LOPEZ','CALR630717HSLSPRG6','2019-07-15','VICTORIA','908','29','LAS TORRES','56611',15,58,'A',NULL,NULL,NULL,NULL),('120443','LEONARDO','PEÑA','GALAVIZ','PEGL820614HSLÑLNL8','2018-06-29','NICOLAS BRAVO','876','S/N','QUINTAS','56425',15,115,'A',NULL,NULL,NULL,NULL),('120444','GERMAN','CASTRO','ASTORGA','CAAG911107HSLSSRV3','2016-01-13','CARRANZA','1098','S/N','LOMA DORADA','54318',25,12,'A',NULL,NULL,NULL,NULL),('120445','JOSE PABLO','MUÑOZ','CRUZ','MUCJ780331HQRÑRSH2','2019-09-24','ZARAGOZA','1451','53','LOPEZ PORTILLO','54437',25,10,'A',NULL,NULL,NULL,NULL),('120446','JUAN PABLO','LABASTIDA ','RUIZ','LARJ841028HOCBZN44','2018-08-06','SERDAN','765','S/N','AQUILES','54886',25,11,'A',NULL,NULL,NULL,NULL),('120447','JESUS RODOLFO','RODRIGUEZ','SANDOAL','ROSJ740229HSLDNSR5','2017-06-12','CARDENAZ','654','S/N','FUENTES','53197',25,12,'A',NULL,NULL,NULL,NULL),('120459','CARLOS EDUARDO','PEREZ','RAMIREZ','PERC861029HTLRRMU6','2017-07-19','BIENESTAR','345','17','MORELOS','1210',9,2,'A',NULL,NULL,NULL,NULL),('654321','KAORI','OLVERA','ARAO','OLAK000129MPLRSSA9','2020-03-08','50','789','2','Nueva España','89300',25,1,'A','Kaori','2020-03-29',NULL,NULL);
/*!40000 ALTER TABLE `ddatemp` ENABLE KEYS */;
UNLOCK TABLES;

--
-- Table structure for table `ddethor`
--

DROP TABLE IF EXISTS `ddethor`;
/*!40101 SET @saved_cs_client     = @@character_set_client */;
/*!40101 SET character_set_client = utf8 */;
CREATE TABLE `ddethor` (
  `NIDHORA` decimal(5,0) NOT NULL,
  `NDIASEM` decimal(1,0) NOT NULL,
  `CHORENT` char(5) DEFAULT NULL,
  `CHORSAL` char(5) DEFAULT NULL,
  `CSTATUS` char(1) DEFAULT NULL,
  `CUSUINS` char(10) DEFAULT NULL,
  `DFECINS` date DEFAULT NULL,
  `CUSUMOD` char(10) DEFAULT NULL,
  `DFECMOD` date DEFAULT NULL,
  PRIMARY KEY (`NIDHORA`,`NDIASEM`),
  CONSTRAINT `FK_DDETHOR_CHORARS` FOREIGN KEY (`NIDHORA`) REFERENCES `chorars` (`NIDHORA`)
) ENGINE=InnoDB DEFAULT CHARSET=latin1;
/*!40101 SET character_set_client = @saved_cs_client */;

--
-- Dumping data for table `ddethor`
--

LOCK TABLES `ddethor` WRITE;
/*!40000 ALTER TABLE `ddethor` DISABLE KEYS */;
INSERT INTO `ddethor` VALUES (1,2,'07:00','15:00','A',NULL,NULL,NULL,NULL),(1,3,'07:00','15:00','A',NULL,NULL,NULL,NULL),(1,4,'07:00','15:00','A',NULL,NULL,NULL,NULL),(1,5,'07:00','15:00','A',NULL,NULL,NULL,NULL),(2,2,'08:00','15:00','A',NULL,NULL,NULL,NULL),(2,3,'08:00','15:00','A',NULL,NULL,NULL,NULL),(2,4,'08:00','15:00','A',NULL,NULL,NULL,NULL),(2,5,'08:00','15:00','A',NULL,NULL,NULL,NULL),(2,6,'08:00','15:00','A',NULL,NULL,NULL,NULL),(3,2,'15:00','21:00','A',NULL,NULL,NULL,NULL),(3,3,'15:00','21:00','A',NULL,NULL,NULL,NULL),(3,4,'15:00','21:00','A',NULL,NULL,NULL,NULL),(3,5,'15:00','21:00','A',NULL,NULL,NULL,NULL),(3,6,'15:00','21:00','A',NULL,NULL,NULL,NULL);
/*!40000 ALTER TABLE `ddethor` ENABLE KEYS */;
UNLOCK TABLES;

--
-- Temporary table structure for view `detallehorario`
--

DROP TABLE IF EXISTS `detallehorario`;
/*!50001 DROP VIEW IF EXISTS `detallehorario`*/;
SET @saved_cs_client     = @@character_set_client;
SET character_set_client = utf8;
/*!50001 CREATE VIEW `detallehorario` AS SELECT 
 1 AS `entrada`,
 1 AS `salida`,
 1 AS `idHorario`,
 1 AS `estatus`,
 1 AS `dia`*/;
SET character_set_client = @saved_cs_client;

--
-- Table structure for table `dhremps`
--

DROP TABLE IF EXISTS `dhremps`;
/*!40101 SET @saved_cs_client     = @@character_set_client */;
/*!40101 SET character_set_client = utf8 */;
CREATE TABLE `dhremps` (
  `NIDHORA` decimal(5,0) NOT NULL,
  `CCVEEMP` char(6) NOT NULL,
  `DFECAIS` date DEFAULT NULL,
  `CSTATUS` char(1) DEFAULT NULL,
  `CUSUINS` char(10) DEFAULT NULL,
  `DFECINS` date DEFAULT NULL,
  `CUSUMOD` char(10) DEFAULT NULL,
  `DFECMOD` date DEFAULT NULL,
  PRIMARY KEY (`NIDHORA`,`CCVEEMP`),
  KEY `FK_DHREMPS_DDATEMP` (`CCVEEMP`),
  CONSTRAINT `FK_DHREMPS_CHORARS` FOREIGN KEY (`NIDHORA`) REFERENCES `chorars` (`NIDHORA`),
  CONSTRAINT `FK_DHREMPS_DDATEMP` FOREIGN KEY (`CCVEEMP`) REFERENCES `ddatemp` (`CCVEEMP`)
) ENGINE=InnoDB DEFAULT CHARSET=latin1;
/*!40101 SET character_set_client = @saved_cs_client */;

--
-- Dumping data for table `dhremps`
--

LOCK TABLES `dhremps` WRITE;
/*!40000 ALTER TABLE `dhremps` DISABLE KEYS */;
INSERT INTO `dhremps` VALUES (2,'111770','2020-06-05','A','Raymundo','2020-06-05',NULL,NULL),(2,'120420','2020-06-11','A',NULL,NULL,NULL,NULL),(2,'120421','2020-06-11','A',NULL,NULL,NULL,NULL),(2,'120422','2020-06-11','A',NULL,NULL,NULL,NULL),(2,'120423','2020-06-11','A',NULL,NULL,NULL,NULL),(2,'120424','2020-06-11','A',NULL,NULL,NULL,NULL),(2,'120425','2020-06-11','A',NULL,NULL,NULL,NULL),(2,'120426','2020-06-11','A',NULL,NULL,NULL,NULL),(2,'120427','2020-06-11','I',NULL,NULL,NULL,NULL),(2,'120428','2020-06-11','A',NULL,NULL,NULL,NULL),(2,'120429','2020-06-11','A',NULL,NULL,NULL,NULL),(2,'120430','2020-06-11','A',NULL,NULL,NULL,NULL),(2,'120431','2020-06-11','A',NULL,NULL,NULL,NULL),(2,'120432','2020-06-11','A',NULL,NULL,NULL,NULL),(2,'120433','2020-06-11','A',NULL,NULL,NULL,NULL),(2,'120434','2020-06-11','A',NULL,NULL,NULL,NULL),(2,'120435','2020-06-11','A',NULL,NULL,NULL,NULL),(2,'120446','2020-06-11','A',NULL,NULL,NULL,NULL),(2,'120447','2020-06-11','A',NULL,NULL,NULL,NULL),(2,'654321','2020-05-20','A','Raymundo','2020-05-20',NULL,NULL),(3,'120436','2020-06-11','A',NULL,NULL,NULL,NULL),(3,'120437','2020-06-11','A',NULL,NULL,NULL,NULL),(3,'120438','2020-06-11','I',NULL,NULL,NULL,NULL),(3,'120439','2020-06-11','A',NULL,NULL,NULL,NULL),(3,'120440','2020-06-11','A',NULL,NULL,NULL,NULL),(3,'120441','2020-06-11','A',NULL,NULL,NULL,NULL),(3,'120442','2020-06-11','A',NULL,NULL,NULL,NULL),(3,'120443','2020-06-11','A',NULL,NULL,NULL,NULL),(3,'120444','2020-06-11','A',NULL,NULL,NULL,NULL),(3,'120445','2020-06-11','A',NULL,NULL,NULL,NULL);
/*!40000 ALTER TABLE `dhremps` ENABLE KEYS */;
UNLOCK TABLES;

--
-- Table structure for table `dinises`
--

DROP TABLE IF EXISTS `dinises`;
/*!40101 SET @saved_cs_client     = @@character_set_client */;
/*!40101 SET character_set_client = utf8 */;
CREATE TABLE `dinises` (
  `DIDEUSR` int(11) NOT NULL AUTO_INCREMENT,
  `DUSUARI` varchar(20) DEFAULT NULL,
  `DPASWRD` varchar(20) DEFAULT NULL,
  PRIMARY KEY (`DIDEUSR`),
  UNIQUE KEY `DIDEUSR` (`DIDEUSR`),
  UNIQUE KEY `DUSUARI` (`DUSUARI`)
) ENGINE=InnoDB AUTO_INCREMENT=4 DEFAULT CHARSET=latin1;
/*!40101 SET character_set_client = @saved_cs_client */;

--
-- Dumping data for table `dinises`
--

LOCK TABLES `dinises` WRITE;
/*!40000 ALTER TABLE `dinises` DISABLE KEYS */;
INSERT INTO `dinises` VALUES (1,'Joshua','1234'),(2,'Raymundo','1234'),(3,'Kaori','1234');
/*!40000 ALTER TABLE `dinises` ENABLE KEYS */;
UNLOCK TABLES;

--
-- Temporary table structure for view `empleados`
--

DROP TABLE IF EXISTS `empleados`;
/*!50001 DROP VIEW IF EXISTS `empleados`*/;
SET @saved_cs_client     = @@character_set_client;
SET character_set_client = utf8;
/*!50001 CREATE VIEW `empleados` AS SELECT 
 1 AS `nombre`,
 1 AS `clave`*/;
SET character_set_client = @saved_cs_client;

--
-- Temporary table structure for view `empleadoscomp`
--

DROP TABLE IF EXISTS `empleadoscomp`;
/*!50001 DROP VIEW IF EXISTS `empleadoscomp`*/;
SET @saved_cs_client     = @@character_set_client;
SET character_set_client = utf8;
/*!50001 CREATE VIEW `empleadoscomp` AS SELECT 
 1 AS `nombre`,
 1 AS `apellidoPaterno`,
 1 AS `apellidoMaterno`,
 1 AS `curp`,
 1 AS `fechaInicio`,
 1 AS `calle`,
 1 AS `numeroEx`,
 1 AS `numeroIn`,
 1 AS `colonia`,
 1 AS `codigoPostal`,
 1 AS `estado`,
 1 AS `municipio`,
 1 AS `estatus`,
 1 AS `clave`*/;
SET character_set_client = @saved_cs_client;

--
-- Temporary table structure for view `estados`
--

DROP TABLE IF EXISTS `estados`;
/*!50001 DROP VIEW IF EXISTS `estados`*/;
SET @saved_cs_client     = @@character_set_client;
SET character_set_client = utf8;
/*!50001 CREATE VIEW `estados` AS SELECT 
 1 AS `estado`,
 1 AS `id`*/;
SET character_set_client = @saved_cs_client;

--
-- Temporary table structure for view `horarioempleado`
--

DROP TABLE IF EXISTS `horarioempleado`;
/*!50001 DROP VIEW IF EXISTS `horarioempleado`*/;
SET @saved_cs_client     = @@character_set_client;
SET character_set_client = utf8;
/*!50001 CREATE VIEW `horarioempleado` AS SELECT 
 1 AS `idHorario`,
 1 AS `claveEmpleado`,
 1 AS `fechaAsignacion`,
 1 AS `estatus`*/;
SET character_set_client = @saved_cs_client;

--
-- Temporary table structure for view `horarios`
--

DROP TABLE IF EXISTS `horarios`;
/*!50001 DROP VIEW IF EXISTS `horarios`*/;
SET @saved_cs_client     = @@character_set_client;
SET character_set_client = utf8;
/*!50001 CREATE VIEW `horarios` AS SELECT 
 1 AS `numeroDetalles`,
 1 AS `id`,
 1 AS `estatus`,
 1 AS `descripcion`*/;
SET character_set_client = @saved_cs_client;

--
-- Temporary table structure for view `incidencias`
--

DROP TABLE IF EXISTS `incidencias`;
/*!50001 DROP VIEW IF EXISTS `incidencias`*/;
SET @saved_cs_client     = @@character_set_client;
SET character_set_client = utf8;
/*!50001 CREATE VIEW `incidencias` AS SELECT 
 1 AS `clave`,
 1 AS `nombre`,
 1 AS `fecha`,
 1 AS `tipo`*/;
SET character_set_client = @saved_cs_client;

--
-- Table structure for table `mdiasnl`
--

DROP TABLE IF EXISTS `mdiasnl`;
/*!40101 SET @saved_cs_client     = @@character_set_client */;
/*!40101 SET character_set_client = utf8 */;
CREATE TABLE `mdiasnl` (
  `DFECHNL` date NOT NULL,
  `CMOTIVO` varchar(150) DEFAULT NULL,
  `CSTATUS` char(1) DEFAULT NULL,
  `CUSUINS` char(10) DEFAULT NULL,
  `DFECINS` date DEFAULT NULL,
  `CUSUMOD` char(10) DEFAULT NULL,
  `DFECMOD` date DEFAULT NULL,
  PRIMARY KEY (`DFECHNL`)
) ENGINE=InnoDB DEFAULT CHARSET=latin1;
/*!40101 SET character_set_client = @saved_cs_client */;

--
-- Dumping data for table `mdiasnl`
--

LOCK TABLES `mdiasnl` WRITE;
/*!40000 ALTER TABLE `mdiasnl` DISABLE KEYS */;
INSERT INTO `mdiasnl` VALUES ('2020-02-03','DIA INHABIL','A',NULL,NULL,NULL,NULL);
/*!40000 ALTER TABLE `mdiasnl` ENABLE KEYS */;
UNLOCK TABLES;

--
-- Temporary table structure for view `municipios`
--

DROP TABLE IF EXISTS `municipios`;
/*!50001 DROP VIEW IF EXISTS `municipios`*/;
SET @saved_cs_client     = @@character_set_client;
SET character_set_client = utf8;
/*!50001 CREATE VIEW `municipios` AS SELECT 
 1 AS `municipio`,
 1 AS `idE`*/;
SET character_set_client = @saved_cs_client;

--
-- Table structure for table `pjusasi`
--

DROP TABLE IF EXISTS `pjusasi`;
/*!40101 SET @saved_cs_client     = @@character_set_client */;
/*!40101 SET character_set_client = utf8 */;
CREATE TABLE `pjusasi` (
  `CCVEEMP` char(6) NOT NULL,
  `DFECINC` date NOT NULL,
  `NIDTPJU` decimal(2,0) NOT NULL,
  `CSTATUS` char(1) DEFAULT NULL,
  `CUSUINS` char(10) DEFAULT NULL,
  `DFECINS` date DEFAULT NULL,
  `CUSUMOD` char(10) DEFAULT NULL,
  `DFECMOD` date DEFAULT NULL,
  PRIMARY KEY (`CCVEEMP`,`DFECINC`,`NIDTPJU`),
  KEY `FK_PJUSASI_CJUSASI` (`NIDTPJU`),
  CONSTRAINT `FK_PJUSASI_CJUSASI` FOREIGN KEY (`NIDTPJU`) REFERENCES `cjusasi` (`NIDTPJU`),
  CONSTRAINT `FK_PJUSASI_DDATEMP` FOREIGN KEY (`CCVEEMP`) REFERENCES `ddatemp` (`CCVEEMP`)
) ENGINE=InnoDB DEFAULT CHARSET=latin1;
/*!40101 SET character_set_client = @saved_cs_client */;

--
-- Dumping data for table `pjusasi`
--

LOCK TABLES `pjusasi` WRITE;
/*!40000 ALTER TABLE `pjusasi` DISABLE KEYS */;
/*!40000 ALTER TABLE `pjusasi` ENABLE KEYS */;
UNLOCK TABLES;

--
-- Table structure for table `pregasi`
--

DROP TABLE IF EXISTS `pregasi`;
/*!40101 SET @saved_cs_client     = @@character_set_client */;
/*!40101 SET character_set_client = utf8 */;
CREATE TABLE `pregasi` (
  `CCVEEMP` char(6) NOT NULL,
  `DFECREG` datetime NOT NULL,
  `CNUMBIO` decimal(2,0) DEFAULT NULL,
  `CSTATUS` char(1) DEFAULT NULL,
  `CUSUINS` char(10) DEFAULT NULL,
  `DFECINS` date DEFAULT NULL,
  `CUSUMOD` char(10) DEFAULT NULL,
  `DFECMOD` date DEFAULT NULL,
  PRIMARY KEY (`CCVEEMP`,`DFECREG`),
  CONSTRAINT `FK_PREGSI_DDATEMP` FOREIGN KEY (`CCVEEMP`) REFERENCES `ddatemp` (`CCVEEMP`)
) ENGINE=InnoDB DEFAULT CHARSET=latin1;
/*!40101 SET character_set_client = @saved_cs_client */;

--
-- Dumping data for table `pregasi`
--

LOCK TABLES `pregasi` WRITE;
/*!40000 ALTER TABLE `pregasi` DISABLE KEYS */;
INSERT INTO `pregasi` VALUES ('111770','2020-05-01 07:09:50',1,'A',NULL,NULL,NULL,NULL),('111770','2020-05-01 14:04:29',2,'A',NULL,NULL,NULL,NULL),('111770','2020-05-04 07:56:21',2,'A',NULL,NULL,NULL,NULL),('111770','2020-05-04 15:56:24',2,'A',NULL,NULL,NULL,NULL),('111770','2020-05-05 08:50:56',3,'A',NULL,NULL,NULL,NULL),('111770','2020-05-05 14:20:12',2,'A',NULL,NULL,NULL,NULL),('111770','2020-05-06 06:11:08',3,'A',NULL,NULL,NULL,NULL),('111770','2020-05-06 14:43:43',1,'A',NULL,NULL,NULL,NULL),('111770','2020-05-07 07:37:56',3,'A',NULL,NULL,NULL,NULL),('111770','2020-05-07 14:57:41',1,'A',NULL,NULL,NULL,NULL),('111770','2020-05-08 07:30:56',3,'A',NULL,NULL,NULL,NULL),('111770','2020-05-08 15:56:51',3,'A',NULL,NULL,NULL,NULL),('111770','2020-05-11 08:49:16',3,'A',NULL,NULL,NULL,NULL),('111770','2020-05-11 14:35:42',3,'A',NULL,NULL,NULL,NULL),('111770','2020-05-12 08:58:22',2,'A',NULL,NULL,NULL,NULL),('111770','2020-05-12 16:59:28',1,'A',NULL,NULL,NULL,NULL),('111770','2020-05-13 06:41:28',2,'A',NULL,NULL,NULL,NULL),('111770','2020-05-13 16:11:57',3,'A',NULL,NULL,NULL,NULL),('111770','2020-05-14 06:09:21',1,'A',NULL,NULL,NULL,NULL),('111770','2020-05-14 16:54:19',3,'A',NULL,NULL,NULL,NULL),('111770','2020-05-15 06:50:12',1,'A',NULL,NULL,NULL,NULL),('111770','2020-05-15 14:33:42',2,'A',NULL,NULL,NULL,NULL),('111770','2020-05-18 06:19:03',1,'A',NULL,NULL,NULL,NULL),('111770','2020-05-18 14:00:22',2,'A',NULL,NULL,NULL,NULL),('111770','2020-05-19 06:12:42',3,'A',NULL,NULL,NULL,NULL),('111770','2020-05-19 16:12:31',1,'A',NULL,NULL,NULL,NULL),('111770','2020-05-20 06:13:21',3,'A',NULL,NULL,NULL,NULL),('111770','2020-05-20 16:17:08',1,'A',NULL,NULL,NULL,NULL),('111770','2020-05-21 07:33:50',3,'A',NULL,NULL,NULL,NULL),('111770','2020-05-21 16:45:25',3,'A',NULL,NULL,NULL,NULL),('111770','2020-05-22 07:05:17',1,'A',NULL,NULL,NULL,NULL),('111770','2020-05-22 14:11:20',3,'A',NULL,NULL,NULL,NULL),('111770','2020-05-25 08:37:49',1,'A',NULL,NULL,NULL,NULL),('111770','2020-05-25 16:07:11',3,'A',NULL,NULL,NULL,NULL),('111770','2020-05-26 08:01:04',2,'A',NULL,NULL,NULL,NULL),('111770','2020-05-26 15:43:27',3,'A',NULL,NULL,NULL,NULL),('111770','2020-05-27 07:13:31',1,'A',NULL,NULL,NULL,NULL),('111770','2020-05-27 14:28:47',3,'A',NULL,NULL,NULL,NULL),('111770','2020-05-28 07:28:16',1,'A',NULL,NULL,NULL,NULL),('111770','2020-05-28 15:54:06',1,'A',NULL,NULL,NULL,NULL),('111770','2020-05-29 08:06:51',3,'A',NULL,NULL,NULL,NULL),('111770','2020-05-29 14:08:09',1,'A',NULL,NULL,NULL,NULL),('120420','2020-05-01 08:50:14',3,'A',NULL,NULL,NULL,NULL),('120420','2020-05-01 14:17:51',3,'A',NULL,NULL,NULL,NULL),('120420','2020-05-04 06:45:58',1,'A',NULL,NULL,NULL,NULL),('120420','2020-05-04 14:06:43',2,'A',NULL,NULL,NULL,NULL),('120420','2020-05-05 08:24:15',1,'A',NULL,NULL,NULL,NULL),('120420','2020-05-05 14:33:35',3,'A',NULL,NULL,NULL,NULL),('120420','2020-05-06 07:15:24',2,'A',NULL,NULL,NULL,NULL),('120420','2020-05-06 14:09:16',2,'A',NULL,NULL,NULL,NULL),('120420','2020-05-07 08:55:56',2,'A',NULL,NULL,NULL,NULL),('120420','2020-05-07 14:16:26',2,'A',NULL,NULL,NULL,NULL),('120420','2020-05-08 08:52:02',2,'A',NULL,NULL,NULL,NULL),('120420','2020-05-08 16:49:28',1,'A',NULL,NULL,NULL,NULL),('120420','2020-05-11 07:46:07',2,'A',NULL,NULL,NULL,NULL),('120420','2020-05-11 14:37:20',2,'A',NULL,NULL,NULL,NULL),('120420','2020-05-12 07:22:52',2,'A',NULL,NULL,NULL,NULL),('120420','2020-05-12 16:37:11',1,'A',NULL,NULL,NULL,NULL),('120420','2020-05-13 07:32:38',1,'A',NULL,NULL,NULL,NULL),('120420','2020-05-13 15:30:39',1,'A',NULL,NULL,NULL,NULL),('120420','2020-05-14 07:50:57',2,'A',NULL,NULL,NULL,NULL),('120420','2020-05-14 15:02:54',2,'A',NULL,NULL,NULL,NULL),('120420','2020-05-15 08:16:18',2,'A',NULL,NULL,NULL,NULL),('120420','2020-05-15 15:31:26',3,'A',NULL,NULL,NULL,NULL),('120420','2020-05-18 08:24:31',1,'A',NULL,NULL,NULL,NULL),('120420','2020-05-18 16:32:56',3,'A',NULL,NULL,NULL,NULL),('120420','2020-05-19 06:31:18',3,'A',NULL,NULL,NULL,NULL),('120420','2020-05-19 14:17:57',3,'A',NULL,NULL,NULL,NULL),('120420','2020-05-20 07:50:13',1,'A',NULL,NULL,NULL,NULL),('120420','2020-05-20 15:16:04',1,'A',NULL,NULL,NULL,NULL),('120420','2020-05-21 06:00:48',3,'A',NULL,NULL,NULL,NULL),('120420','2020-05-21 15:42:46',2,'A',NULL,NULL,NULL,NULL),('120420','2020-05-22 06:34:34',2,'A',NULL,NULL,NULL,NULL),('120420','2020-05-22 14:10:15',3,'A',NULL,NULL,NULL,NULL),('120420','2020-05-25 06:36:26',1,'A',NULL,NULL,NULL,NULL),('120420','2020-05-25 15:58:42',2,'A',NULL,NULL,NULL,NULL),('120420','2020-05-26 07:51:34',1,'A',NULL,NULL,NULL,NULL),('120420','2020-05-26 14:30:08',2,'A',NULL,NULL,NULL,NULL),('120420','2020-05-27 08:44:02',1,'A',NULL,NULL,NULL,NULL),('120420','2020-05-27 14:36:07',1,'A',NULL,NULL,NULL,NULL),('120420','2020-05-28 06:50:17',1,'A',NULL,NULL,NULL,NULL),('120420','2020-05-28 15:52:15',1,'A',NULL,NULL,NULL,NULL),('120420','2020-05-29 06:50:22',1,'A',NULL,NULL,NULL,NULL),('120420','2020-05-29 15:17:18',1,'A',NULL,NULL,NULL,NULL),('120421','2020-05-01 07:13:13',2,'A',NULL,NULL,NULL,NULL),('120421','2020-05-01 16:24:50',3,'A',NULL,NULL,NULL,NULL),('120421','2020-05-04 07:33:47',2,'A',NULL,NULL,NULL,NULL),('120421','2020-05-04 16:18:51',2,'A',NULL,NULL,NULL,NULL),('120421','2020-05-05 08:36:29',3,'A',NULL,NULL,NULL,NULL),('120421','2020-05-05 16:47:45',2,'A',NULL,NULL,NULL,NULL),('120421','2020-05-06 07:17:57',3,'A',NULL,NULL,NULL,NULL),('120421','2020-05-06 14:33:10',3,'A',NULL,NULL,NULL,NULL),('120421','2020-05-07 08:36:30',2,'A',NULL,NULL,NULL,NULL),('120421','2020-05-07 14:47:27',3,'A',NULL,NULL,NULL,NULL),('120421','2020-05-08 07:20:22',1,'A',NULL,NULL,NULL,NULL),('120421','2020-05-08 16:26:17',1,'A',NULL,NULL,NULL,NULL),('120421','2020-05-11 07:50:28',3,'A',NULL,NULL,NULL,NULL),('120421','2020-05-11 14:13:13',3,'A',NULL,NULL,NULL,NULL),('120421','2020-05-12 08:04:34',1,'A',NULL,NULL,NULL,NULL),('120421','2020-05-12 14:05:25',3,'A',NULL,NULL,NULL,NULL),('120421','2020-05-13 07:52:32',1,'A',NULL,NULL,NULL,NULL),('120421','2020-05-13 14:15:33',2,'A',NULL,NULL,NULL,NULL),('120421','2020-05-14 07:29:59',1,'A',NULL,NULL,NULL,NULL),('120421','2020-05-14 16:30:04',1,'A',NULL,NULL,NULL,NULL),('120421','2020-05-15 07:26:46',2,'A',NULL,NULL,NULL,NULL),('120421','2020-05-15 14:23:19',3,'A',NULL,NULL,NULL,NULL),('120421','2020-05-18 07:39:24',2,'A',NULL,NULL,NULL,NULL),('120421','2020-05-18 16:29:00',3,'A',NULL,NULL,NULL,NULL),('120421','2020-05-19 07:43:35',2,'A',NULL,NULL,NULL,NULL),('120421','2020-05-19 14:31:29',2,'A',NULL,NULL,NULL,NULL),('120421','2020-05-20 07:09:52',3,'A',NULL,NULL,NULL,NULL),('120421','2020-05-20 16:42:45',3,'A',NULL,NULL,NULL,NULL),('120421','2020-05-21 07:45:14',3,'A',NULL,NULL,NULL,NULL),('120421','2020-05-21 14:22:09',1,'A',NULL,NULL,NULL,NULL),('120421','2020-05-22 06:46:59',1,'A',NULL,NULL,NULL,NULL),('120421','2020-05-22 15:07:56',2,'A',NULL,NULL,NULL,NULL),('120421','2020-05-25 07:32:30',3,'A',NULL,NULL,NULL,NULL),('120421','2020-05-25 16:42:55',1,'A',NULL,NULL,NULL,NULL),('120421','2020-05-26 08:36:00',2,'A',NULL,NULL,NULL,NULL),('120421','2020-05-26 14:25:11',3,'A',NULL,NULL,NULL,NULL),('120421','2020-05-27 07:28:45',2,'A',NULL,NULL,NULL,NULL),('120421','2020-05-27 16:24:32',3,'A',NULL,NULL,NULL,NULL),('120421','2020-05-28 07:20:09',3,'A',NULL,NULL,NULL,NULL),('120421','2020-05-28 14:42:55',1,'A',NULL,NULL,NULL,NULL),('120421','2020-05-29 07:48:25',2,'A',NULL,NULL,NULL,NULL),('120421','2020-05-29 14:47:39',1,'A',NULL,NULL,NULL,NULL),('120422','2020-05-01 08:35:44',2,'A',NULL,NULL,NULL,NULL),('120422','2020-05-01 14:03:05',2,'A',NULL,NULL,NULL,NULL),('120422','2020-05-04 06:56:26',2,'A',NULL,NULL,NULL,NULL),('120422','2020-05-04 16:06:39',3,'A',NULL,NULL,NULL,NULL),('120422','2020-05-05 06:36:40',2,'A',NULL,NULL,NULL,NULL),('120422','2020-05-05 15:12:18',1,'A',NULL,NULL,NULL,NULL),('120422','2020-05-06 08:18:34',3,'A',NULL,NULL,NULL,NULL),('120422','2020-05-06 14:25:44',2,'A',NULL,NULL,NULL,NULL),('120422','2020-05-07 08:49:30',1,'A',NULL,NULL,NULL,NULL),('120422','2020-05-07 14:48:47',3,'A',NULL,NULL,NULL,NULL),('120422','2020-05-08 06:14:25',3,'A',NULL,NULL,NULL,NULL),('120422','2020-05-08 16:10:50',3,'A',NULL,NULL,NULL,NULL),('120422','2020-05-11 06:19:47',3,'A',NULL,NULL,NULL,NULL),('120422','2020-05-11 14:36:18',2,'A',NULL,NULL,NULL,NULL),('120422','2020-05-12 06:49:40',2,'A',NULL,NULL,NULL,NULL),('120422','2020-05-12 14:41:28',1,'A',NULL,NULL,NULL,NULL),('120422','2020-05-13 07:31:21',3,'A',NULL,NULL,NULL,NULL),('120422','2020-05-13 16:18:04',1,'A',NULL,NULL,NULL,NULL),('120422','2020-05-14 06:04:12',3,'A',NULL,NULL,NULL,NULL),('120422','2020-05-14 14:38:07',2,'A',NULL,NULL,NULL,NULL),('120422','2020-05-15 07:23:17',2,'A',NULL,NULL,NULL,NULL),('120422','2020-05-15 14:19:27',2,'A',NULL,NULL,NULL,NULL),('120422','2020-05-18 06:44:23',2,'A',NULL,NULL,NULL,NULL),('120422','2020-05-18 16:07:26',1,'A',NULL,NULL,NULL,NULL),('120422','2020-05-19 07:59:36',1,'A',NULL,NULL,NULL,NULL),('120422','2020-05-19 15:46:23',1,'A',NULL,NULL,NULL,NULL),('120422','2020-05-20 06:09:32',1,'A',NULL,NULL,NULL,NULL),('120422','2020-05-20 15:37:26',3,'A',NULL,NULL,NULL,NULL),('120422','2020-05-21 07:34:12',1,'A',NULL,NULL,NULL,NULL),('120422','2020-05-21 15:05:14',2,'A',NULL,NULL,NULL,NULL),('120422','2020-05-22 06:14:12',1,'A',NULL,NULL,NULL,NULL),('120422','2020-05-22 14:09:35',3,'A',NULL,NULL,NULL,NULL),('120422','2020-05-25 08:10:37',1,'A',NULL,NULL,NULL,NULL),('120422','2020-05-25 16:34:15',1,'A',NULL,NULL,NULL,NULL),('120422','2020-05-26 08:36:32',1,'A',NULL,NULL,NULL,NULL),('120422','2020-05-26 15:55:14',2,'A',NULL,NULL,NULL,NULL),('120422','2020-05-27 07:06:32',3,'A',NULL,NULL,NULL,NULL),('120422','2020-05-27 14:36:36',1,'A',NULL,NULL,NULL,NULL),('120422','2020-05-28 08:29:00',3,'A',NULL,NULL,NULL,NULL),('120422','2020-05-28 16:57:39',1,'A',NULL,NULL,NULL,NULL),('120422','2020-05-29 06:50:19',2,'A',NULL,NULL,NULL,NULL),('120422','2020-05-29 14:28:30',1,'A',NULL,NULL,NULL,NULL),('120423','2020-05-01 06:30:43',1,'A',NULL,NULL,NULL,NULL),('120423','2020-05-01 14:01:45',3,'A',NULL,NULL,NULL,NULL),('120423','2020-05-04 08:51:23',3,'A',NULL,NULL,NULL,NULL),('120423','2020-05-04 14:48:48',2,'A',NULL,NULL,NULL,NULL),('120423','2020-05-05 08:28:51',1,'A',NULL,NULL,NULL,NULL),('120423','2020-05-05 15:06:12',3,'A',NULL,NULL,NULL,NULL),('120423','2020-05-06 08:27:58',1,'A',NULL,NULL,NULL,NULL),('120423','2020-05-06 15:11:11',1,'A',NULL,NULL,NULL,NULL),('120423','2020-05-07 06:25:37',1,'A',NULL,NULL,NULL,NULL),('120423','2020-05-07 16:06:24',3,'A',NULL,NULL,NULL,NULL),('120423','2020-05-08 06:51:46',3,'A',NULL,NULL,NULL,NULL),('120423','2020-05-08 14:23:29',1,'A',NULL,NULL,NULL,NULL),('120423','2020-05-11 08:21:43',3,'A',NULL,NULL,NULL,NULL),('120423','2020-05-11 14:04:25',2,'A',NULL,NULL,NULL,NULL),('120423','2020-05-12 07:19:42',1,'A',NULL,NULL,NULL,NULL),('120423','2020-05-12 16:05:09',2,'A',NULL,NULL,NULL,NULL),('120423','2020-05-13 08:30:21',3,'A',NULL,NULL,NULL,NULL),('120423','2020-05-13 14:11:12',3,'A',NULL,NULL,NULL,NULL),('120423','2020-05-14 06:54:05',1,'A',NULL,NULL,NULL,NULL),('120423','2020-05-14 15:34:31',3,'A',NULL,NULL,NULL,NULL),('120423','2020-05-15 08:10:47',2,'A',NULL,NULL,NULL,NULL),('120423','2020-05-15 15:13:09',2,'A',NULL,NULL,NULL,NULL),('120423','2020-05-18 06:56:08',2,'A',NULL,NULL,NULL,NULL),('120423','2020-05-18 15:36:22',3,'A',NULL,NULL,NULL,NULL),('120423','2020-05-19 06:52:15',3,'A',NULL,NULL,NULL,NULL),('120423','2020-05-19 14:23:29',2,'A',NULL,NULL,NULL,NULL),('120423','2020-05-20 08:55:14',2,'A',NULL,NULL,NULL,NULL),('120423','2020-05-20 14:17:27',3,'A',NULL,NULL,NULL,NULL),('120423','2020-05-21 08:50:08',1,'A',NULL,NULL,NULL,NULL),('120423','2020-05-21 16:19:08',2,'A',NULL,NULL,NULL,NULL),('120423','2020-05-22 08:47:34',3,'A',NULL,NULL,NULL,NULL),('120423','2020-05-22 16:52:45',1,'A',NULL,NULL,NULL,NULL),('120423','2020-05-25 06:01:37',2,'A',NULL,NULL,NULL,NULL),('120423','2020-05-25 14:12:17',1,'A',NULL,NULL,NULL,NULL),('120423','2020-05-26 06:50:56',2,'A',NULL,NULL,NULL,NULL),('120423','2020-05-26 16:40:04',2,'A',NULL,NULL,NULL,NULL),('120423','2020-05-27 06:08:21',1,'A',NULL,NULL,NULL,NULL),('120423','2020-05-27 14:59:36',3,'A',NULL,NULL,NULL,NULL),('120423','2020-05-28 08:17:23',3,'A',NULL,NULL,NULL,NULL),('120423','2020-05-28 16:29:45',2,'A',NULL,NULL,NULL,NULL),('120423','2020-05-29 06:18:08',3,'A',NULL,NULL,NULL,NULL),('120423','2020-05-29 15:30:22',3,'A',NULL,NULL,NULL,NULL),('120424','2020-05-01 07:56:32',3,'A',NULL,NULL,NULL,NULL),('120424','2020-05-01 14:17:37',3,'A',NULL,NULL,NULL,NULL),('120424','2020-05-04 06:23:57',2,'A',NULL,NULL,NULL,NULL),('120424','2020-05-04 16:01:00',3,'A',NULL,NULL,NULL,NULL),('120424','2020-05-05 08:31:59',3,'A',NULL,NULL,NULL,NULL),('120424','2020-05-05 15:08:21',1,'A',NULL,NULL,NULL,NULL),('120424','2020-05-06 07:29:08',2,'A',NULL,NULL,NULL,NULL),('120424','2020-05-06 16:48:03',2,'A',NULL,NULL,NULL,NULL),('120424','2020-05-07 06:20:10',1,'A',NULL,NULL,NULL,NULL),('120424','2020-05-07 14:23:15',2,'A',NULL,NULL,NULL,NULL),('120424','2020-05-08 07:50:20',3,'A',NULL,NULL,NULL,NULL),('120424','2020-05-08 15:23:36',2,'A',NULL,NULL,NULL,NULL),('120424','2020-05-11 07:40:59',3,'A',NULL,NULL,NULL,NULL),('120424','2020-05-11 16:12:40',1,'A',NULL,NULL,NULL,NULL),('120424','2020-05-12 07:18:19',2,'A',NULL,NULL,NULL,NULL),('120424','2020-05-12 16:07:03',3,'A',NULL,NULL,NULL,NULL),('120424','2020-05-13 07:02:35',3,'A',NULL,NULL,NULL,NULL),('120424','2020-05-13 15:00:13',1,'A',NULL,NULL,NULL,NULL),('120424','2020-05-14 07:41:33',1,'A',NULL,NULL,NULL,NULL),('120424','2020-05-14 14:06:46',2,'A',NULL,NULL,NULL,NULL),('120424','2020-05-15 07:29:56',2,'A',NULL,NULL,NULL,NULL),('120424','2020-05-15 15:18:06',1,'A',NULL,NULL,NULL,NULL),('120424','2020-05-18 07:06:53',3,'A',NULL,NULL,NULL,NULL),('120424','2020-05-18 14:25:04',1,'A',NULL,NULL,NULL,NULL),('120424','2020-05-19 06:12:57',3,'A',NULL,NULL,NULL,NULL),('120424','2020-05-19 15:52:30',2,'A',NULL,NULL,NULL,NULL),('120424','2020-05-20 07:49:51',1,'A',NULL,NULL,NULL,NULL),('120424','2020-05-20 15:48:05',3,'A',NULL,NULL,NULL,NULL),('120424','2020-05-21 07:31:26',2,'A',NULL,NULL,NULL,NULL),('120424','2020-05-21 15:56:00',3,'A',NULL,NULL,NULL,NULL),('120424','2020-05-22 06:47:52',3,'A',NULL,NULL,NULL,NULL),('120424','2020-05-22 16:38:08',3,'A',NULL,NULL,NULL,NULL),('120424','2020-05-25 06:09:43',3,'A',NULL,NULL,NULL,NULL),('120424','2020-05-25 15:38:47',3,'A',NULL,NULL,NULL,NULL),('120424','2020-05-26 07:50:38',3,'A',NULL,NULL,NULL,NULL),('120424','2020-05-26 16:25:08',3,'A',NULL,NULL,NULL,NULL),('120424','2020-05-27 06:58:12',2,'A',NULL,NULL,NULL,NULL),('120424','2020-05-27 16:41:33',3,'A',NULL,NULL,NULL,NULL),('120424','2020-05-28 08:49:57',2,'A',NULL,NULL,NULL,NULL),('120424','2020-05-28 15:52:33',2,'A',NULL,NULL,NULL,NULL),('120424','2020-05-29 08:06:41',2,'A',NULL,NULL,NULL,NULL),('120424','2020-05-29 16:58:44',1,'A',NULL,NULL,NULL,NULL),('120425','2020-05-01 07:05:18',3,'A',NULL,NULL,NULL,NULL),('120425','2020-05-01 16:51:44',3,'A',NULL,NULL,NULL,NULL),('120425','2020-05-04 08:11:46',3,'A',NULL,NULL,NULL,NULL),('120425','2020-05-04 16:38:10',3,'A',NULL,NULL,NULL,NULL),('120425','2020-05-05 06:21:00',1,'A',NULL,NULL,NULL,NULL),('120425','2020-05-05 14:23:31',2,'A',NULL,NULL,NULL,NULL),('120425','2020-05-06 08:53:58',3,'A',NULL,NULL,NULL,NULL),('120425','2020-05-06 14:16:44',1,'A',NULL,NULL,NULL,NULL),('120425','2020-05-07 06:16:22',2,'A',NULL,NULL,NULL,NULL),('120425','2020-05-07 16:22:00',3,'A',NULL,NULL,NULL,NULL),('120425','2020-05-08 07:01:27',1,'A',NULL,NULL,NULL,NULL),('120425','2020-05-08 14:15:13',1,'A',NULL,NULL,NULL,NULL),('120425','2020-05-11 06:45:43',1,'A',NULL,NULL,NULL,NULL),('120425','2020-05-11 16:17:42',3,'A',NULL,NULL,NULL,NULL),('120425','2020-05-12 08:21:46',1,'A',NULL,NULL,NULL,NULL),('120425','2020-05-12 16:53:02',1,'A',NULL,NULL,NULL,NULL),('120425','2020-05-13 07:17:10',3,'A',NULL,NULL,NULL,NULL),('120425','2020-05-13 16:28:22',3,'A',NULL,NULL,NULL,NULL),('120425','2020-05-14 08:35:17',1,'A',NULL,NULL,NULL,NULL),('120425','2020-05-14 15:15:10',2,'A',NULL,NULL,NULL,NULL),('120425','2020-05-15 07:50:26',3,'A',NULL,NULL,NULL,NULL),('120425','2020-05-15 14:46:02',2,'A',NULL,NULL,NULL,NULL),('120425','2020-05-18 08:23:46',2,'A',NULL,NULL,NULL,NULL),('120425','2020-05-18 14:19:30',3,'A',NULL,NULL,NULL,NULL),('120425','2020-05-19 06:09:54',3,'A',NULL,NULL,NULL,NULL),('120425','2020-05-19 15:07:29',3,'A',NULL,NULL,NULL,NULL),('120425','2020-05-20 08:11:05',1,'A',NULL,NULL,NULL,NULL),('120425','2020-05-20 14:08:37',3,'A',NULL,NULL,NULL,NULL),('120425','2020-05-21 08:36:29',3,'A',NULL,NULL,NULL,NULL),('120425','2020-05-21 15:55:55',2,'A',NULL,NULL,NULL,NULL),('120425','2020-05-22 06:44:09',2,'A',NULL,NULL,NULL,NULL),('120425','2020-05-22 15:02:31',2,'A',NULL,NULL,NULL,NULL),('120425','2020-05-25 07:07:25',3,'A',NULL,NULL,NULL,NULL),('120425','2020-05-25 16:53:43',1,'A',NULL,NULL,NULL,NULL),('120425','2020-05-26 06:50:44',2,'A',NULL,NULL,NULL,NULL),('120425','2020-05-26 14:34:12',3,'A',NULL,NULL,NULL,NULL),('120425','2020-05-27 08:57:10',3,'A',NULL,NULL,NULL,NULL),('120425','2020-05-27 15:42:33',2,'A',NULL,NULL,NULL,NULL),('120425','2020-05-28 06:04:53',3,'A',NULL,NULL,NULL,NULL),('120425','2020-05-28 15:45:58',3,'A',NULL,NULL,NULL,NULL),('120425','2020-05-29 08:54:33',1,'A',NULL,NULL,NULL,NULL),('120425','2020-05-29 16:09:40',3,'A',NULL,NULL,NULL,NULL),('120426','2020-05-01 06:18:40',1,'A',NULL,NULL,NULL,NULL),('120426','2020-05-01 15:32:15',3,'A',NULL,NULL,NULL,NULL),('120426','2020-05-04 06:59:23',1,'A',NULL,NULL,NULL,NULL),('120426','2020-05-04 14:29:18',3,'A',NULL,NULL,NULL,NULL),('120426','2020-05-05 07:49:34',3,'A',NULL,NULL,NULL,NULL),('120426','2020-05-05 14:19:33',3,'A',NULL,NULL,NULL,NULL),('120426','2020-05-06 06:10:16',2,'A',NULL,NULL,NULL,NULL),('120426','2020-05-06 15:56:03',3,'A',NULL,NULL,NULL,NULL),('120426','2020-05-07 07:05:47',2,'A',NULL,NULL,NULL,NULL),('120426','2020-05-07 15:53:49',3,'A',NULL,NULL,NULL,NULL),('120426','2020-05-08 06:18:27',1,'A',NULL,NULL,NULL,NULL),('120426','2020-05-08 15:23:02',1,'A',NULL,NULL,NULL,NULL),('120426','2020-05-11 08:02:36',1,'A',NULL,NULL,NULL,NULL),('120426','2020-05-11 16:57:27',2,'A',NULL,NULL,NULL,NULL),('120426','2020-05-12 07:44:20',3,'A',NULL,NULL,NULL,NULL),('120426','2020-05-12 15:23:46',1,'A',NULL,NULL,NULL,NULL),('120426','2020-05-13 07:45:50',2,'A',NULL,NULL,NULL,NULL),('120426','2020-05-13 14:45:35',3,'A',NULL,NULL,NULL,NULL),('120426','2020-05-14 08:28:02',3,'A',NULL,NULL,NULL,NULL),('120426','2020-05-14 16:23:44',3,'A',NULL,NULL,NULL,NULL),('120426','2020-05-15 08:04:51',2,'A',NULL,NULL,NULL,NULL),('120426','2020-05-15 15:10:56',2,'A',NULL,NULL,NULL,NULL),('120426','2020-05-18 07:51:18',2,'A',NULL,NULL,NULL,NULL),('120426','2020-05-18 14:20:25',2,'A',NULL,NULL,NULL,NULL),('120426','2020-05-19 08:12:17',2,'A',NULL,NULL,NULL,NULL),('120426','2020-05-19 14:03:24',1,'A',NULL,NULL,NULL,NULL),('120426','2020-05-20 06:57:06',3,'A',NULL,NULL,NULL,NULL),('120426','2020-05-20 15:02:12',3,'A',NULL,NULL,NULL,NULL),('120426','2020-05-21 07:07:59',1,'A',NULL,NULL,NULL,NULL),('120426','2020-05-21 16:50:30',1,'A',NULL,NULL,NULL,NULL),('120426','2020-05-22 08:23:28',1,'A',NULL,NULL,NULL,NULL),('120426','2020-05-22 15:35:08',1,'A',NULL,NULL,NULL,NULL),('120426','2020-05-25 07:32:49',2,'A',NULL,NULL,NULL,NULL),('120426','2020-05-25 15:42:33',1,'A',NULL,NULL,NULL,NULL),('120426','2020-05-26 06:31:53',1,'A',NULL,NULL,NULL,NULL),('120426','2020-05-26 16:36:32',2,'A',NULL,NULL,NULL,NULL),('120426','2020-05-27 06:18:46',3,'A',NULL,NULL,NULL,NULL),('120426','2020-05-27 16:18:20',1,'A',NULL,NULL,NULL,NULL),('120426','2020-05-28 08:08:09',2,'A',NULL,NULL,NULL,NULL),('120426','2020-05-28 14:12:26',2,'A',NULL,NULL,NULL,NULL),('120426','2020-05-29 06:11:06',3,'A',NULL,NULL,NULL,NULL),('120426','2020-05-29 14:57:18',2,'A',NULL,NULL,NULL,NULL),('120427','2020-05-01 07:04:15',1,'I',NULL,NULL,NULL,NULL),('120427','2020-05-01 16:57:49',3,'I',NULL,NULL,NULL,NULL),('120427','2020-05-04 08:53:46',2,'I',NULL,NULL,NULL,NULL),('120427','2020-05-04 16:43:34',1,'I',NULL,NULL,NULL,NULL),('120427','2020-05-05 08:27:02',1,'I',NULL,NULL,NULL,NULL),('120427','2020-05-05 16:36:08',2,'I',NULL,NULL,NULL,NULL),('120427','2020-05-06 06:06:43',1,'I',NULL,NULL,NULL,NULL),('120427','2020-05-06 16:25:04',1,'I',NULL,NULL,NULL,NULL),('120427','2020-05-07 06:42:53',3,'I',NULL,NULL,NULL,NULL),('120427','2020-05-07 15:42:33',2,'I',NULL,NULL,NULL,NULL),('120427','2020-05-08 08:36:06',3,'I',NULL,NULL,NULL,NULL),('120427','2020-05-08 15:50:28',2,'I',NULL,NULL,NULL,NULL),('120427','2020-05-11 06:21:04',1,'I',NULL,NULL,NULL,NULL),('120427','2020-05-11 16:41:15',3,'I',NULL,NULL,NULL,NULL),('120427','2020-05-12 07:55:54',1,'I',NULL,NULL,NULL,NULL),('120427','2020-05-12 16:09:19',1,'I',NULL,NULL,NULL,NULL),('120427','2020-05-13 06:41:28',1,'I',NULL,NULL,NULL,NULL),('120427','2020-05-13 16:54:05',1,'I',NULL,NULL,NULL,NULL),('120427','2020-05-14 07:20:45',3,'I',NULL,NULL,NULL,NULL),('120427','2020-05-14 14:14:38',2,'I',NULL,NULL,NULL,NULL),('120427','2020-05-15 08:58:59',2,'I',NULL,NULL,NULL,NULL),('120427','2020-05-15 16:53:56',3,'I',NULL,NULL,NULL,NULL),('120427','2020-05-18 08:17:05',3,'I',NULL,NULL,NULL,NULL),('120427','2020-05-18 14:16:46',3,'I',NULL,NULL,NULL,NULL),('120427','2020-05-19 07:41:24',2,'I',NULL,NULL,NULL,NULL),('120427','2020-05-19 16:09:52',1,'I',NULL,NULL,NULL,NULL),('120427','2020-05-20 08:05:28',1,'I',NULL,NULL,NULL,NULL),('120427','2020-05-20 16:37:43',1,'I',NULL,NULL,NULL,NULL),('120427','2020-05-21 06:19:23',2,'I',NULL,NULL,NULL,NULL),('120427','2020-05-21 14:16:36',3,'I',NULL,NULL,NULL,NULL),('120427','2020-05-22 06:15:50',1,'I',NULL,NULL,NULL,NULL),('120427','2020-05-22 15:07:16',1,'I',NULL,NULL,NULL,NULL),('120427','2020-05-25 07:13:19',2,'I',NULL,NULL,NULL,NULL),('120427','2020-05-25 15:54:05',2,'I',NULL,NULL,NULL,NULL),('120427','2020-05-26 07:04:09',2,'I',NULL,NULL,NULL,NULL),('120427','2020-05-26 16:41:54',1,'I',NULL,NULL,NULL,NULL),('120427','2020-05-27 07:53:11',2,'I',NULL,NULL,NULL,NULL),('120427','2020-05-27 16:42:16',3,'I',NULL,NULL,NULL,NULL),('120427','2020-05-28 07:45:28',1,'I',NULL,NULL,NULL,NULL),('120427','2020-05-28 15:35:02',1,'I',NULL,NULL,NULL,NULL),('120427','2020-05-29 06:54:02',2,'I',NULL,NULL,NULL,NULL),('120427','2020-05-29 16:09:17',3,'I',NULL,NULL,NULL,NULL),('120428','2020-05-01 09:35:01',2,'A',NULL,NULL,NULL,NULL),('120428','2020-05-01 15:02:01',1,'A',NULL,NULL,NULL,NULL),('120428','2020-05-04 08:53:33',1,'A',NULL,NULL,NULL,NULL),('120428','2020-05-04 15:34:39',3,'A',NULL,NULL,NULL,NULL),('120428','2020-05-05 08:22:53',1,'A',NULL,NULL,NULL,NULL),('120428','2020-05-05 17:59:47',1,'A',NULL,NULL,NULL,NULL),('120428','2020-05-06 08:31:11',2,'A',NULL,NULL,NULL,NULL),('120428','2020-05-06 15:28:24',1,'A',NULL,NULL,NULL,NULL),('120428','2020-05-07 07:36:32',2,'A',NULL,NULL,NULL,NULL),('120428','2020-05-07 17:18:30',1,'A',NULL,NULL,NULL,NULL),('120428','2020-05-08 08:49:07',1,'A',NULL,NULL,NULL,NULL),('120428','2020-05-08 17:52:32',3,'A',NULL,NULL,NULL,NULL),('120428','2020-05-11 09:58:08',2,'A',NULL,NULL,NULL,NULL),('120428','2020-05-11 17:12:36',3,'A',NULL,NULL,NULL,NULL),('120428','2020-05-12 08:58:23',1,'A',NULL,NULL,NULL,NULL),('120428','2020-05-12 17:15:51',3,'A',NULL,NULL,NULL,NULL),('120428','2020-05-13 07:47:16',2,'A',NULL,NULL,NULL,NULL),('120428','2020-05-13 17:52:22',2,'A',NULL,NULL,NULL,NULL),('120428','2020-05-14 08:18:06',1,'A',NULL,NULL,NULL,NULL),('120428','2020-05-14 16:18:45',2,'A',NULL,NULL,NULL,NULL),('120428','2020-05-15 08:22:47',1,'A',NULL,NULL,NULL,NULL),('120428','2020-05-15 16:14:35',3,'A',NULL,NULL,NULL,NULL),('120428','2020-05-18 07:04:36',2,'A',NULL,NULL,NULL,NULL),('120428','2020-05-18 15:35:27',3,'A',NULL,NULL,NULL,NULL),('120428','2020-05-19 07:23:09',1,'A',NULL,NULL,NULL,NULL),('120428','2020-05-19 16:52:32',2,'A',NULL,NULL,NULL,NULL),('120428','2020-05-20 09:32:23',2,'A',NULL,NULL,NULL,NULL),('120428','2020-05-20 17:55:38',2,'A',NULL,NULL,NULL,NULL),('120428','2020-05-21 09:23:57',2,'A',NULL,NULL,NULL,NULL),('120428','2020-05-21 16:50:53',2,'A',NULL,NULL,NULL,NULL),('120428','2020-05-22 08:37:24',1,'A',NULL,NULL,NULL,NULL),('120428','2020-05-22 15:54:00',1,'A',NULL,NULL,NULL,NULL),('120428','2020-05-25 08:47:05',1,'A',NULL,NULL,NULL,NULL),('120428','2020-05-25 15:01:05',1,'A',NULL,NULL,NULL,NULL),('120428','2020-05-26 07:48:59',2,'A',NULL,NULL,NULL,NULL),('120428','2020-05-26 15:52:08',3,'A',NULL,NULL,NULL,NULL),('120428','2020-05-27 07:13:00',2,'A',NULL,NULL,NULL,NULL),('120428','2020-05-27 17:38:51',2,'A',NULL,NULL,NULL,NULL),('120428','2020-05-28 09:02:33',3,'A',NULL,NULL,NULL,NULL),('120428','2020-05-28 17:33:16',3,'A',NULL,NULL,NULL,NULL),('120428','2020-05-29 08:38:07',1,'A',NULL,NULL,NULL,NULL),('120428','2020-05-29 16:35:17',1,'A',NULL,NULL,NULL,NULL),('120429','2020-05-01 08:45:54',2,'A',NULL,NULL,NULL,NULL),('120429','2020-05-01 16:05:11',2,'A',NULL,NULL,NULL,NULL),('120429','2020-05-04 09:12:34',1,'A',NULL,NULL,NULL,NULL),('120429','2020-05-04 17:03:08',1,'A',NULL,NULL,NULL,NULL),('120429','2020-05-05 08:49:33',2,'A',NULL,NULL,NULL,NULL),('120429','2020-05-05 15:57:41',3,'A',NULL,NULL,NULL,NULL),('120429','2020-05-06 07:44:59',1,'A',NULL,NULL,NULL,NULL),('120429','2020-05-06 17:07:48',1,'A',NULL,NULL,NULL,NULL),('120429','2020-05-07 08:08:53',1,'A',NULL,NULL,NULL,NULL),('120429','2020-05-07 16:54:23',3,'A',NULL,NULL,NULL,NULL),('120429','2020-05-08 07:00:48',3,'A',NULL,NULL,NULL,NULL),('120429','2020-05-08 15:15:15',1,'A',NULL,NULL,NULL,NULL),('120429','2020-05-11 09:30:11',2,'A',NULL,NULL,NULL,NULL),('120429','2020-05-11 17:53:43',2,'A',NULL,NULL,NULL,NULL),('120429','2020-05-12 08:57:22',3,'A',NULL,NULL,NULL,NULL),('120429','2020-05-12 16:23:37',1,'A',NULL,NULL,NULL,NULL),('120429','2020-05-13 09:39:58',1,'A',NULL,NULL,NULL,NULL),('120429','2020-05-13 15:26:36',3,'A',NULL,NULL,NULL,NULL),('120429','2020-05-14 08:49:55',2,'A',NULL,NULL,NULL,NULL),('120429','2020-05-14 16:24:51',3,'A',NULL,NULL,NULL,NULL),('120429','2020-05-15 08:12:08',1,'A',NULL,NULL,NULL,NULL),('120429','2020-05-15 17:58:58',1,'A',NULL,NULL,NULL,NULL),('120429','2020-05-18 07:47:49',2,'A',NULL,NULL,NULL,NULL),('120429','2020-05-18 16:06:21',3,'A',NULL,NULL,NULL,NULL),('120429','2020-05-19 07:04:36',2,'A',NULL,NULL,NULL,NULL),('120429','2020-05-19 15:44:28',1,'A',NULL,NULL,NULL,NULL),('120429','2020-05-20 07:25:40',3,'A',NULL,NULL,NULL,NULL),('120429','2020-05-20 16:02:11',2,'A',NULL,NULL,NULL,NULL),('120429','2020-05-21 09:08:03',3,'A',NULL,NULL,NULL,NULL),('120429','2020-05-21 17:42:11',1,'A',NULL,NULL,NULL,NULL),('120429','2020-05-22 09:34:57',1,'A',NULL,NULL,NULL,NULL),('120429','2020-05-22 16:40:49',3,'A',NULL,NULL,NULL,NULL),('120429','2020-05-25 07:23:36',3,'A',NULL,NULL,NULL,NULL),('120429','2020-05-25 15:44:24',3,'A',NULL,NULL,NULL,NULL),('120429','2020-05-26 08:13:06',2,'A',NULL,NULL,NULL,NULL),('120429','2020-05-26 16:44:43',3,'A',NULL,NULL,NULL,NULL),('120429','2020-05-27 08:00:31',3,'A',NULL,NULL,NULL,NULL),('120429','2020-05-27 17:44:29',3,'A',NULL,NULL,NULL,NULL),('120429','2020-05-28 09:09:20',2,'A',NULL,NULL,NULL,NULL),('120429','2020-05-28 16:46:03',2,'A',NULL,NULL,NULL,NULL),('120429','2020-05-29 08:40:43',3,'A',NULL,NULL,NULL,NULL),('120429','2020-05-29 15:44:48',2,'A',NULL,NULL,NULL,NULL),('120430','2020-05-01 09:27:57',1,'A',NULL,NULL,NULL,NULL),('120430','2020-05-01 16:15:22',2,'A',NULL,NULL,NULL,NULL),('120430','2020-05-04 09:57:51',2,'A',NULL,NULL,NULL,NULL),('120430','2020-05-04 15:48:09',1,'A',NULL,NULL,NULL,NULL),('120430','2020-05-05 07:01:28',2,'A',NULL,NULL,NULL,NULL),('120430','2020-05-05 16:04:22',1,'A',NULL,NULL,NULL,NULL),('120430','2020-05-06 08:03:30',1,'A',NULL,NULL,NULL,NULL),('120430','2020-05-06 15:51:26',2,'A',NULL,NULL,NULL,NULL),('120430','2020-05-07 08:15:04',2,'A',NULL,NULL,NULL,NULL),('120430','2020-05-07 17:48:45',3,'A',NULL,NULL,NULL,NULL),('120430','2020-05-08 09:44:22',1,'A',NULL,NULL,NULL,NULL),('120430','2020-05-08 17:36:57',3,'A',NULL,NULL,NULL,NULL),('120430','2020-05-11 08:56:48',1,'A',NULL,NULL,NULL,NULL),('120430','2020-05-11 17:42:46',1,'A',NULL,NULL,NULL,NULL),('120430','2020-05-12 09:43:14',2,'A',NULL,NULL,NULL,NULL),('120430','2020-05-12 16:26:13',3,'A',NULL,NULL,NULL,NULL),('120430','2020-05-13 07:52:15',3,'A',NULL,NULL,NULL,NULL),('120430','2020-05-13 16:39:49',3,'A',NULL,NULL,NULL,NULL),('120430','2020-05-14 08:36:58',2,'A',NULL,NULL,NULL,NULL),('120430','2020-05-14 17:17:09',2,'A',NULL,NULL,NULL,NULL),('120430','2020-05-15 08:00:24',3,'A',NULL,NULL,NULL,NULL),('120430','2020-05-15 17:14:11',2,'A',NULL,NULL,NULL,NULL),('120430','2020-05-18 07:42:06',2,'A',NULL,NULL,NULL,NULL),('120430','2020-05-18 15:17:22',2,'A',NULL,NULL,NULL,NULL),('120430','2020-05-19 09:13:45',2,'A',NULL,NULL,NULL,NULL),('120430','2020-05-19 16:27:10',3,'A',NULL,NULL,NULL,NULL),('120430','2020-05-20 08:05:40',1,'A',NULL,NULL,NULL,NULL),('120430','2020-05-20 15:58:00',3,'A',NULL,NULL,NULL,NULL),('120430','2020-05-21 07:19:39',1,'A',NULL,NULL,NULL,NULL),('120430','2020-05-21 17:50:18',3,'A',NULL,NULL,NULL,NULL),('120430','2020-05-22 08:35:16',1,'A',NULL,NULL,NULL,NULL),('120430','2020-05-22 15:26:27',3,'A',NULL,NULL,NULL,NULL),('120430','2020-05-25 08:10:07',3,'A',NULL,NULL,NULL,NULL),('120430','2020-05-25 16:44:29',3,'A',NULL,NULL,NULL,NULL),('120430','2020-05-26 09:14:19',2,'A',NULL,NULL,NULL,NULL),('120430','2020-05-26 17:06:35',2,'A',NULL,NULL,NULL,NULL),('120430','2020-05-27 09:51:21',3,'A',NULL,NULL,NULL,NULL),('120430','2020-05-27 16:51:22',2,'A',NULL,NULL,NULL,NULL),('120430','2020-05-28 09:05:54',1,'A',NULL,NULL,NULL,NULL),('120430','2020-05-28 17:31:56',1,'A',NULL,NULL,NULL,NULL),('120430','2020-05-29 08:10:52',1,'A',NULL,NULL,NULL,NULL),('120430','2020-05-29 16:56:02',3,'A',NULL,NULL,NULL,NULL),('120431','2020-05-01 07:01:36',2,'A',NULL,NULL,NULL,NULL),('120431','2020-05-01 15:32:38',3,'A',NULL,NULL,NULL,NULL),('120431','2020-05-04 09:47:19',3,'A',NULL,NULL,NULL,NULL),('120431','2020-05-04 15:23:38',3,'A',NULL,NULL,NULL,NULL),('120431','2020-05-05 07:59:22',3,'A',NULL,NULL,NULL,NULL),('120431','2020-05-05 17:29:00',3,'A',NULL,NULL,NULL,NULL),('120431','2020-05-06 07:04:49',2,'A',NULL,NULL,NULL,NULL),('120431','2020-05-06 17:24:01',1,'A',NULL,NULL,NULL,NULL),('120431','2020-05-07 07:32:57',3,'A',NULL,NULL,NULL,NULL),('120431','2020-05-07 16:38:14',1,'A',NULL,NULL,NULL,NULL),('120431','2020-05-08 09:51:17',1,'A',NULL,NULL,NULL,NULL),('120431','2020-05-08 16:38:22',1,'A',NULL,NULL,NULL,NULL),('120431','2020-05-11 09:39:03',3,'A',NULL,NULL,NULL,NULL),('120431','2020-05-11 16:33:21',1,'A',NULL,NULL,NULL,NULL),('120431','2020-05-12 07:31:54',1,'A',NULL,NULL,NULL,NULL),('120431','2020-05-12 16:20:52',3,'A',NULL,NULL,NULL,NULL),('120431','2020-05-13 09:49:35',3,'A',NULL,NULL,NULL,NULL),('120431','2020-05-13 15:30:44',2,'A',NULL,NULL,NULL,NULL),('120431','2020-05-14 08:38:29',2,'A',NULL,NULL,NULL,NULL),('120431','2020-05-14 16:19:49',2,'A',NULL,NULL,NULL,NULL),('120431','2020-05-15 08:57:17',1,'A',NULL,NULL,NULL,NULL),('120431','2020-05-15 17:16:10',1,'A',NULL,NULL,NULL,NULL),('120431','2020-05-18 07:47:24',1,'A',NULL,NULL,NULL,NULL),('120431','2020-05-18 16:03:34',1,'A',NULL,NULL,NULL,NULL),('120431','2020-05-19 09:34:55',1,'A',NULL,NULL,NULL,NULL),('120431','2020-05-19 16:14:21',1,'A',NULL,NULL,NULL,NULL),('120431','2020-05-20 08:13:40',2,'A',NULL,NULL,NULL,NULL),('120431','2020-05-20 15:51:35',3,'A',NULL,NULL,NULL,NULL),('120431','2020-05-21 08:15:30',3,'A',NULL,NULL,NULL,NULL),('120431','2020-05-21 16:27:03',2,'A',NULL,NULL,NULL,NULL),('120431','2020-05-22 08:02:54',3,'A',NULL,NULL,NULL,NULL),('120431','2020-05-22 15:13:50',1,'A',NULL,NULL,NULL,NULL),('120431','2020-05-25 08:06:54',3,'A',NULL,NULL,NULL,NULL),('120431','2020-05-25 15:15:52',3,'A',NULL,NULL,NULL,NULL),('120431','2020-05-26 08:18:25',1,'A',NULL,NULL,NULL,NULL),('120431','2020-05-26 15:02:19',2,'A',NULL,NULL,NULL,NULL),('120431','2020-05-27 07:34:38',2,'A',NULL,NULL,NULL,NULL),('120431','2020-05-27 15:46:34',2,'A',NULL,NULL,NULL,NULL),('120431','2020-05-28 08:19:45',1,'A',NULL,NULL,NULL,NULL),('120431','2020-05-28 17:48:24',2,'A',NULL,NULL,NULL,NULL),('120431','2020-05-29 08:43:37',3,'A',NULL,NULL,NULL,NULL),('120431','2020-05-29 16:17:34',3,'A',NULL,NULL,NULL,NULL),('120432','2020-05-01 07:24:59',3,'A',NULL,NULL,NULL,NULL),('120432','2020-05-01 17:00:43',1,'A',NULL,NULL,NULL,NULL),('120432','2020-05-04 07:46:06',1,'A',NULL,NULL,NULL,NULL),('120432','2020-05-04 17:14:29',1,'A',NULL,NULL,NULL,NULL),('120432','2020-05-05 08:38:13',1,'A',NULL,NULL,NULL,NULL),('120432','2020-05-05 15:24:46',3,'A',NULL,NULL,NULL,NULL),('120432','2020-05-06 07:56:34',2,'A',NULL,NULL,NULL,NULL),('120432','2020-05-06 16:13:43',3,'A',NULL,NULL,NULL,NULL),('120432','2020-05-07 08:38:19',2,'A',NULL,NULL,NULL,NULL),('120432','2020-05-07 15:25:11',1,'A',NULL,NULL,NULL,NULL),('120432','2020-05-08 09:02:02',1,'A',NULL,NULL,NULL,NULL),('120432','2020-05-08 15:26:31',3,'A',NULL,NULL,NULL,NULL),('120432','2020-05-11 08:42:23',3,'A',NULL,NULL,NULL,NULL),('120432','2020-05-11 16:05:10',1,'A',NULL,NULL,NULL,NULL),('120432','2020-05-12 09:11:32',2,'A',NULL,NULL,NULL,NULL),('120432','2020-05-12 17:11:59',2,'A',NULL,NULL,NULL,NULL),('120432','2020-05-13 09:50:40',1,'A',NULL,NULL,NULL,NULL),('120432','2020-05-13 15:10:26',1,'A',NULL,NULL,NULL,NULL),('120432','2020-05-14 08:19:24',3,'A',NULL,NULL,NULL,NULL),('120432','2020-05-14 17:26:45',1,'A',NULL,NULL,NULL,NULL),('120432','2020-05-15 09:19:54',1,'A',NULL,NULL,NULL,NULL),('120432','2020-05-15 17:15:45',2,'A',NULL,NULL,NULL,NULL),('120432','2020-05-18 08:02:45',2,'A',NULL,NULL,NULL,NULL),('120432','2020-05-18 15:40:42',2,'A',NULL,NULL,NULL,NULL),('120432','2020-05-19 09:24:31',2,'A',NULL,NULL,NULL,NULL),('120432','2020-05-19 17:30:04',3,'A',NULL,NULL,NULL,NULL),('120432','2020-05-20 08:50:46',1,'A',NULL,NULL,NULL,NULL),('120432','2020-05-20 15:48:37',1,'A',NULL,NULL,NULL,NULL),('120432','2020-05-21 09:20:35',1,'A',NULL,NULL,NULL,NULL),('120432','2020-05-21 17:40:04',2,'A',NULL,NULL,NULL,NULL),('120432','2020-05-22 09:14:20',1,'A',NULL,NULL,NULL,NULL),('120432','2020-05-22 15:48:06',3,'A',NULL,NULL,NULL,NULL),('120432','2020-05-25 09:00:21',3,'A',NULL,NULL,NULL,NULL),('120432','2020-05-25 16:43:11',1,'A',NULL,NULL,NULL,NULL),('120432','2020-05-26 09:32:38',3,'A',NULL,NULL,NULL,NULL),('120432','2020-05-26 16:41:46',3,'A',NULL,NULL,NULL,NULL),('120432','2020-05-27 09:30:48',1,'A',NULL,NULL,NULL,NULL),('120432','2020-05-27 16:33:41',3,'A',NULL,NULL,NULL,NULL),('120432','2020-05-28 09:26:05',1,'A',NULL,NULL,NULL,NULL),('120432','2020-05-28 17:28:04',3,'A',NULL,NULL,NULL,NULL),('120432','2020-05-29 09:16:41',2,'A',NULL,NULL,NULL,NULL),('120432','2020-05-29 15:00:18',3,'A',NULL,NULL,NULL,NULL),('120433','2020-05-01 07:53:11',2,'A',NULL,NULL,NULL,NULL),('120433','2020-05-01 16:59:34',1,'A',NULL,NULL,NULL,NULL),('120433','2020-05-04 07:44:34',1,'A',NULL,NULL,NULL,NULL),('120433','2020-05-04 16:41:54',3,'A',NULL,NULL,NULL,NULL),('120433','2020-05-05 09:22:50',1,'A',NULL,NULL,NULL,NULL),('120433','2020-05-05 15:16:36',2,'A',NULL,NULL,NULL,NULL),('120433','2020-05-06 09:40:59',2,'A',NULL,NULL,NULL,NULL),('120433','2020-05-06 15:58:39',3,'A',NULL,NULL,NULL,NULL),('120433','2020-05-07 07:06:36',1,'A',NULL,NULL,NULL,NULL),('120433','2020-05-07 16:10:34',3,'A',NULL,NULL,NULL,NULL),('120433','2020-05-08 08:30:18',2,'A',NULL,NULL,NULL,NULL),('120433','2020-05-08 17:09:54',1,'A',NULL,NULL,NULL,NULL),('120433','2020-05-11 09:39:00',1,'A',NULL,NULL,NULL,NULL),('120433','2020-05-11 16:28:23',2,'A',NULL,NULL,NULL,NULL),('120433','2020-05-12 08:44:50',3,'A',NULL,NULL,NULL,NULL),('120433','2020-05-12 17:36:24',3,'A',NULL,NULL,NULL,NULL),('120433','2020-05-13 07:52:21',3,'A',NULL,NULL,NULL,NULL),('120433','2020-05-13 15:46:54',2,'A',NULL,NULL,NULL,NULL),('120433','2020-05-14 07:36:10',2,'A',NULL,NULL,NULL,NULL),('120433','2020-05-14 17:54:04',3,'A',NULL,NULL,NULL,NULL),('120433','2020-05-15 09:45:10',1,'A',NULL,NULL,NULL,NULL),('120433','2020-05-15 16:21:28',3,'A',NULL,NULL,NULL,NULL),('120433','2020-05-18 07:02:08',3,'A',NULL,NULL,NULL,NULL),('120433','2020-05-18 15:29:38',3,'A',NULL,NULL,NULL,NULL),('120433','2020-05-19 08:33:59',1,'A',NULL,NULL,NULL,NULL),('120433','2020-05-19 17:40:31',2,'A',NULL,NULL,NULL,NULL),('120433','2020-05-20 09:26:21',3,'A',NULL,NULL,NULL,NULL),('120433','2020-05-20 17:36:48',2,'A',NULL,NULL,NULL,NULL),('120433','2020-05-21 09:10:17',1,'A',NULL,NULL,NULL,NULL),('120433','2020-05-21 15:27:31',2,'A',NULL,NULL,NULL,NULL),('120433','2020-05-22 09:03:32',3,'A',NULL,NULL,NULL,NULL),('120433','2020-05-22 16:27:31',2,'A',NULL,NULL,NULL,NULL),('120433','2020-05-25 09:39:22',3,'A',NULL,NULL,NULL,NULL),('120433','2020-05-25 16:02:15',3,'A',NULL,NULL,NULL,NULL),('120433','2020-05-26 07:44:02',3,'A',NULL,NULL,NULL,NULL),('120433','2020-05-26 17:40:11',3,'A',NULL,NULL,NULL,NULL),('120433','2020-05-27 09:20:26',2,'A',NULL,NULL,NULL,NULL),('120433','2020-05-27 17:55:45',3,'A',NULL,NULL,NULL,NULL),('120433','2020-05-28 09:13:26',2,'A',NULL,NULL,NULL,NULL),('120433','2020-05-28 17:08:53',1,'A',NULL,NULL,NULL,NULL),('120433','2020-05-29 08:22:54',1,'A',NULL,NULL,NULL,NULL),('120433','2020-05-29 16:01:57',2,'A',NULL,NULL,NULL,NULL),('120434','2020-05-01 07:02:29',3,'A',NULL,NULL,NULL,NULL),('120434','2020-05-01 17:04:18',2,'A',NULL,NULL,NULL,NULL),('120434','2020-05-04 08:36:52',1,'A',NULL,NULL,NULL,NULL),('120434','2020-05-04 17:17:07',1,'A',NULL,NULL,NULL,NULL),('120434','2020-05-05 07:01:05',2,'A',NULL,NULL,NULL,NULL),('120434','2020-05-05 17:59:38',3,'A',NULL,NULL,NULL,NULL),('120434','2020-05-06 07:43:19',1,'A',NULL,NULL,NULL,NULL),('120434','2020-05-06 15:43:08',1,'A',NULL,NULL,NULL,NULL),('120434','2020-05-07 07:20:13',2,'A',NULL,NULL,NULL,NULL),('120434','2020-05-07 15:57:07',3,'A',NULL,NULL,NULL,NULL),('120434','2020-05-08 07:56:06',3,'A',NULL,NULL,NULL,NULL),('120434','2020-05-08 15:56:53',2,'A',NULL,NULL,NULL,NULL),('120434','2020-05-11 09:46:48',3,'A',NULL,NULL,NULL,NULL),('120434','2020-05-11 17:20:02',1,'A',NULL,NULL,NULL,NULL),('120434','2020-05-12 09:37:55',1,'A',NULL,NULL,NULL,NULL),('120434','2020-05-12 16:43:16',3,'A',NULL,NULL,NULL,NULL),('120434','2020-05-13 09:00:56',3,'A',NULL,NULL,NULL,NULL),('120434','2020-05-13 16:03:05',3,'A',NULL,NULL,NULL,NULL),('120434','2020-05-14 09:35:04',3,'A',NULL,NULL,NULL,NULL),('120434','2020-05-14 17:17:43',1,'A',NULL,NULL,NULL,NULL),('120434','2020-05-15 09:01:34',1,'A',NULL,NULL,NULL,NULL),('120434','2020-05-15 15:57:53',1,'A',NULL,NULL,NULL,NULL),('120434','2020-05-18 07:48:23',2,'A',NULL,NULL,NULL,NULL),('120434','2020-05-18 16:38:51',3,'A',NULL,NULL,NULL,NULL),('120434','2020-05-19 09:02:47',1,'A',NULL,NULL,NULL,NULL),('120434','2020-05-19 16:32:45',1,'A',NULL,NULL,NULL,NULL),('120434','2020-05-20 09:14:59',3,'A',NULL,NULL,NULL,NULL),('120434','2020-05-20 15:28:38',2,'A',NULL,NULL,NULL,NULL),('120434','2020-05-21 09:33:30',1,'A',NULL,NULL,NULL,NULL),('120434','2020-05-21 16:54:02',2,'A',NULL,NULL,NULL,NULL),('120434','2020-05-22 07:38:29',2,'A',NULL,NULL,NULL,NULL),('120434','2020-05-22 15:59:55',3,'A',NULL,NULL,NULL,NULL),('120434','2020-05-25 07:13:19',1,'A',NULL,NULL,NULL,NULL),('120434','2020-05-25 17:59:22',1,'A',NULL,NULL,NULL,NULL),('120434','2020-05-26 09:58:24',3,'A',NULL,NULL,NULL,NULL),('120434','2020-05-26 16:25:36',2,'A',NULL,NULL,NULL,NULL),('120434','2020-05-27 08:56:29',1,'A',NULL,NULL,NULL,NULL),('120434','2020-05-27 16:22:10',1,'A',NULL,NULL,NULL,NULL),('120434','2020-05-28 07:52:18',3,'A',NULL,NULL,NULL,NULL),('120434','2020-05-28 15:02:07',2,'A',NULL,NULL,NULL,NULL),('120434','2020-05-29 09:09:39',2,'A',NULL,NULL,NULL,NULL),('120434','2020-05-29 17:25:34',1,'A',NULL,NULL,NULL,NULL),('120435','2020-05-01 07:07:45',3,'A',NULL,NULL,NULL,NULL),('120435','2020-05-01 16:12:20',1,'A',NULL,NULL,NULL,NULL),('120435','2020-05-04 08:56:26',2,'A',NULL,NULL,NULL,NULL),('120435','2020-05-04 17:43:48',1,'A',NULL,NULL,NULL,NULL),('120435','2020-05-05 09:23:11',2,'A',NULL,NULL,NULL,NULL),('120435','2020-05-05 17:40:23',2,'A',NULL,NULL,NULL,NULL),('120435','2020-05-06 09:55:03',1,'A',NULL,NULL,NULL,NULL),('120435','2020-05-06 16:51:53',2,'A',NULL,NULL,NULL,NULL),('120435','2020-05-07 09:07:22',1,'A',NULL,NULL,NULL,NULL),('120435','2020-05-07 16:59:49',3,'A',NULL,NULL,NULL,NULL),('120435','2020-05-08 07:44:45',2,'A',NULL,NULL,NULL,NULL),('120435','2020-05-08 17:59:19',3,'A',NULL,NULL,NULL,NULL),('120435','2020-05-11 08:57:21',2,'A',NULL,NULL,NULL,NULL),('120435','2020-05-11 16:34:03',3,'A',NULL,NULL,NULL,NULL),('120435','2020-05-12 08:21:47',3,'A',NULL,NULL,NULL,NULL),('120435','2020-05-12 15:25:41',2,'A',NULL,NULL,NULL,NULL),('120435','2020-05-13 08:19:00',2,'A',NULL,NULL,NULL,NULL),('120435','2020-05-13 15:05:53',2,'A',NULL,NULL,NULL,NULL),('120435','2020-05-14 07:38:47',3,'A',NULL,NULL,NULL,NULL),('120435','2020-05-14 15:17:46',2,'A',NULL,NULL,NULL,NULL),('120435','2020-05-15 07:49:13',1,'A',NULL,NULL,NULL,NULL),('120435','2020-05-15 17:40:45',2,'A',NULL,NULL,NULL,NULL),('120435','2020-05-18 09:08:30',3,'A',NULL,NULL,NULL,NULL),('120435','2020-05-18 16:36:57',1,'A',NULL,NULL,NULL,NULL),('120435','2020-05-19 09:35:29',3,'A',NULL,NULL,NULL,NULL),('120435','2020-05-19 15:09:04',2,'A',NULL,NULL,NULL,NULL),('120435','2020-05-20 07:06:15',2,'A',NULL,NULL,NULL,NULL),('120435','2020-05-20 16:48:52',1,'A',NULL,NULL,NULL,NULL),('120435','2020-05-21 08:12:50',1,'A',NULL,NULL,NULL,NULL),('120435','2020-05-21 16:29:05',3,'A',NULL,NULL,NULL,NULL),('120435','2020-05-22 08:06:02',1,'A',NULL,NULL,NULL,NULL),('120435','2020-05-22 16:10:30',2,'A',NULL,NULL,NULL,NULL),('120435','2020-05-25 07:31:38',3,'A',NULL,NULL,NULL,NULL),('120435','2020-05-25 15:01:03',1,'A',NULL,NULL,NULL,NULL),('120435','2020-05-26 09:59:02',2,'A',NULL,NULL,NULL,NULL),('120435','2020-05-26 17:39:36',2,'A',NULL,NULL,NULL,NULL),('120435','2020-05-27 09:00:27',1,'A',NULL,NULL,NULL,NULL),('120435','2020-05-27 15:10:52',1,'A',NULL,NULL,NULL,NULL),('120435','2020-05-28 08:57:23',1,'A',NULL,NULL,NULL,NULL),('120435','2020-05-28 16:46:53',1,'A',NULL,NULL,NULL,NULL),('120435','2020-05-29 07:01:58',2,'A',NULL,NULL,NULL,NULL),('120435','2020-05-29 16:42:19',2,'A',NULL,NULL,NULL,NULL),('120436','2020-05-01 15:37:36',3,'A',NULL,NULL,NULL,NULL),('120436','2020-05-01 22:21:50',2,'A',NULL,NULL,NULL,NULL),('120436','2020-05-04 14:36:16',2,'A',NULL,NULL,NULL,NULL),('120436','2020-05-04 21:00:37',2,'A',NULL,NULL,NULL,NULL),('120436','2020-05-05 13:00:14',3,'A',NULL,NULL,NULL,NULL),('120436','2020-05-05 21:21:06',2,'A',NULL,NULL,NULL,NULL),('120436','2020-05-06 15:47:07',2,'A',NULL,NULL,NULL,NULL),('120436','2020-05-06 21:02:31',3,'A',NULL,NULL,NULL,NULL),('120436','2020-05-07 15:38:52',2,'A',NULL,NULL,NULL,NULL),('120436','2020-05-07 23:09:59',1,'A',NULL,NULL,NULL,NULL),('120436','2020-05-08 15:46:34',2,'A',NULL,NULL,NULL,NULL),('120436','2020-05-08 22:57:09',3,'A',NULL,NULL,NULL,NULL),('120436','2020-05-11 15:17:28',1,'A',NULL,NULL,NULL,NULL),('120436','2020-05-11 21:26:34',1,'A',NULL,NULL,NULL,NULL),('120436','2020-05-12 13:34:19',2,'A',NULL,NULL,NULL,NULL),('120436','2020-05-12 23:29:47',3,'A',NULL,NULL,NULL,NULL),('120436','2020-05-13 14:27:27',1,'A',NULL,NULL,NULL,NULL),('120436','2020-05-13 23:25:20',3,'A',NULL,NULL,NULL,NULL),('120436','2020-05-14 13:42:16',1,'A',NULL,NULL,NULL,NULL),('120436','2020-05-14 23:36:22',3,'A',NULL,NULL,NULL,NULL),('120436','2020-05-15 15:10:31',1,'A',NULL,NULL,NULL,NULL),('120436','2020-05-15 23:32:30',2,'A',NULL,NULL,NULL,NULL),('120436','2020-05-18 13:49:47',2,'A',NULL,NULL,NULL,NULL),('120436','2020-05-18 22:46:00',2,'A',NULL,NULL,NULL,NULL),('120436','2020-05-19 15:42:37',3,'A',NULL,NULL,NULL,NULL),('120436','2020-05-19 23:40:49',3,'A',NULL,NULL,NULL,NULL),('120436','2020-05-20 13:31:05',3,'A',NULL,NULL,NULL,NULL),('120436','2020-05-20 22:51:38',2,'A',NULL,NULL,NULL,NULL),('120436','2020-05-21 13:45:03',1,'A',NULL,NULL,NULL,NULL),('120436','2020-05-21 22:54:15',1,'A',NULL,NULL,NULL,NULL),('120436','2020-05-22 14:24:45',2,'A',NULL,NULL,NULL,NULL),('120436','2020-05-22 22:16:25',1,'A',NULL,NULL,NULL,NULL),('120436','2020-05-25 14:43:37',3,'A',NULL,NULL,NULL,NULL),('120436','2020-05-25 23:06:42',2,'A',NULL,NULL,NULL,NULL),('120436','2020-05-26 13:07:21',1,'A',NULL,NULL,NULL,NULL),('120436','2020-05-26 23:34:44',2,'A',NULL,NULL,NULL,NULL),('120436','2020-05-27 14:51:44',1,'A',NULL,NULL,NULL,NULL),('120436','2020-05-27 22:18:32',1,'A',NULL,NULL,NULL,NULL),('120436','2020-05-28 13:21:13',1,'A',NULL,NULL,NULL,NULL),('120436','2020-05-28 21:22:34',2,'A',NULL,NULL,NULL,NULL),('120436','2020-05-29 15:22:12',2,'A',NULL,NULL,NULL,NULL),('120436','2020-05-29 23:14:09',1,'A',NULL,NULL,NULL,NULL),('120437','2020-05-01 14:15:13',3,'A',NULL,NULL,NULL,NULL),('120437','2020-05-01 22:19:56',2,'A',NULL,NULL,NULL,NULL),('120437','2020-05-04 15:13:42',1,'A',NULL,NULL,NULL,NULL),('120437','2020-05-04 21:52:55',1,'A',NULL,NULL,NULL,NULL),('120437','2020-05-05 15:45:20',2,'A',NULL,NULL,NULL,NULL),('120437','2020-05-05 21:51:42',1,'A',NULL,NULL,NULL,NULL),('120437','2020-05-06 13:27:58',2,'A',NULL,NULL,NULL,NULL),('120437','2020-05-06 21:42:24',1,'A',NULL,NULL,NULL,NULL),('120437','2020-05-07 14:30:41',2,'A',NULL,NULL,NULL,NULL),('120437','2020-05-07 22:01:30',3,'A',NULL,NULL,NULL,NULL),('120437','2020-05-08 14:58:43',1,'A',NULL,NULL,NULL,NULL),('120437','2020-05-08 21:32:44',1,'A',NULL,NULL,NULL,NULL),('120437','2020-05-11 15:29:40',1,'A',NULL,NULL,NULL,NULL),('120437','2020-05-11 21:24:52',2,'A',NULL,NULL,NULL,NULL),('120437','2020-05-12 15:08:30',2,'A',NULL,NULL,NULL,NULL),('120437','2020-05-12 22:54:54',2,'A',NULL,NULL,NULL,NULL),('120437','2020-05-13 15:20:33',3,'A',NULL,NULL,NULL,NULL),('120437','2020-05-13 21:35:43',2,'A',NULL,NULL,NULL,NULL),('120437','2020-05-14 14:46:56',1,'A',NULL,NULL,NULL,NULL),('120437','2020-05-14 22:02:02',3,'A',NULL,NULL,NULL,NULL),('120437','2020-05-15 14:52:30',3,'A',NULL,NULL,NULL,NULL),('120437','2020-05-15 22:20:38',3,'A',NULL,NULL,NULL,NULL),('120437','2020-05-18 15:06:59',2,'A',NULL,NULL,NULL,NULL),('120437','2020-05-18 22:56:14',3,'A',NULL,NULL,NULL,NULL),('120437','2020-05-19 14:37:38',3,'A',NULL,NULL,NULL,NULL),('120437','2020-05-19 23:58:00',1,'A',NULL,NULL,NULL,NULL),('120437','2020-05-20 15:09:40',1,'A',NULL,NULL,NULL,NULL),('120437','2020-05-20 21:34:27',2,'A',NULL,NULL,NULL,NULL),('120437','2020-05-21 14:37:20',2,'A',NULL,NULL,NULL,NULL),('120437','2020-05-21 21:58:27',2,'A',NULL,NULL,NULL,NULL),('120437','2020-05-22 13:07:10',3,'A',NULL,NULL,NULL,NULL),('120437','2020-05-22 22:40:17',1,'A',NULL,NULL,NULL,NULL),('120437','2020-05-25 15:21:24',2,'A',NULL,NULL,NULL,NULL),('120437','2020-05-25 21:37:05',3,'A',NULL,NULL,NULL,NULL),('120437','2020-05-26 15:01:06',3,'A',NULL,NULL,NULL,NULL),('120437','2020-05-26 21:34:15',1,'A',NULL,NULL,NULL,NULL),('120437','2020-05-27 15:00:46',1,'A',NULL,NULL,NULL,NULL),('120437','2020-05-27 22:26:07',3,'A',NULL,NULL,NULL,NULL),('120437','2020-05-28 15:53:19',3,'A',NULL,NULL,NULL,NULL),('120437','2020-05-28 21:15:51',2,'A',NULL,NULL,NULL,NULL),('120437','2020-05-29 13:31:36',2,'A',NULL,NULL,NULL,NULL),('120437','2020-05-29 21:59:09',3,'A',NULL,NULL,NULL,NULL),('120438','2020-05-01 15:20:08',2,'I',NULL,NULL,NULL,NULL),('120438','2020-05-01 23:29:55',3,'I',NULL,NULL,NULL,NULL),('120438','2020-05-04 14:54:26',3,'I',NULL,NULL,NULL,NULL),('120438','2020-05-04 22:59:56',3,'I',NULL,NULL,NULL,NULL),('120438','2020-05-05 13:02:23',3,'I',NULL,NULL,NULL,NULL),('120438','2020-05-05 23:01:13',2,'I',NULL,NULL,NULL,NULL),('120438','2020-05-06 14:47:53',1,'I',NULL,NULL,NULL,NULL),('120438','2020-05-06 21:47:36',2,'I',NULL,NULL,NULL,NULL),('120438','2020-05-07 13:11:13',3,'I',NULL,NULL,NULL,NULL),('120438','2020-05-07 23:23:53',1,'I',NULL,NULL,NULL,NULL),('120438','2020-05-08 14:26:44',1,'I',NULL,NULL,NULL,NULL),('120438','2020-05-08 23:04:57',2,'I',NULL,NULL,NULL,NULL),('120438','2020-05-11 13:48:55',2,'I',NULL,NULL,NULL,NULL),('120438','2020-05-11 23:49:34',2,'I',NULL,NULL,NULL,NULL),('120438','2020-05-12 15:59:29',3,'I',NULL,NULL,NULL,NULL),('120438','2020-05-12 22:20:22',3,'I',NULL,NULL,NULL,NULL),('120438','2020-05-13 14:57:17',2,'I',NULL,NULL,NULL,NULL),('120438','2020-05-13 22:19:24',1,'I',NULL,NULL,NULL,NULL),('120438','2020-05-14 14:42:08',2,'I',NULL,NULL,NULL,NULL),('120438','2020-05-14 21:36:22',2,'I',NULL,NULL,NULL,NULL),('120438','2020-05-15 15:55:42',2,'I',NULL,NULL,NULL,NULL),('120438','2020-05-15 23:52:16',3,'I',NULL,NULL,NULL,NULL),('120438','2020-05-18 15:00:48',2,'I',NULL,NULL,NULL,NULL),('120438','2020-05-18 21:26:45',2,'I',NULL,NULL,NULL,NULL),('120438','2020-05-19 15:45:26',2,'I',NULL,NULL,NULL,NULL),('120438','2020-05-19 21:22:02',3,'I',NULL,NULL,NULL,NULL),('120438','2020-05-20 13:53:37',2,'I',NULL,NULL,NULL,NULL),('120438','2020-05-20 23:00:30',2,'I',NULL,NULL,NULL,NULL),('120438','2020-05-21 13:20:07',3,'I',NULL,NULL,NULL,NULL),('120438','2020-05-21 23:29:52',2,'I',NULL,NULL,NULL,NULL),('120438','2020-05-22 14:48:58',1,'I',NULL,NULL,NULL,NULL),('120438','2020-05-22 22:46:48',1,'I',NULL,NULL,NULL,NULL),('120438','2020-05-25 15:49:08',3,'I',NULL,NULL,NULL,NULL),('120438','2020-05-25 21:36:10',1,'I',NULL,NULL,NULL,NULL),('120438','2020-05-26 13:05:50',3,'I',NULL,NULL,NULL,NULL),('120438','2020-05-26 23:58:04',2,'I',NULL,NULL,NULL,NULL),('120438','2020-05-27 14:13:03',3,'I',NULL,NULL,NULL,NULL),('120438','2020-05-27 23:55:08',1,'I',NULL,NULL,NULL,NULL),('120438','2020-05-28 14:02:54',3,'I',NULL,NULL,NULL,NULL),('120438','2020-05-28 23:34:02',3,'I',NULL,NULL,NULL,NULL),('120438','2020-05-29 13:31:33',3,'I',NULL,NULL,NULL,NULL),('120438','2020-05-29 21:53:04',1,'I',NULL,NULL,NULL,NULL),('120439','2020-05-01 14:29:57',1,'A',NULL,NULL,NULL,NULL),('120439','2020-05-01 22:26:45',1,'A',NULL,NULL,NULL,NULL),('120439','2020-05-04 14:04:08',3,'A',NULL,NULL,NULL,NULL),('120439','2020-05-04 21:23:38',1,'A',NULL,NULL,NULL,NULL),('120439','2020-05-05 15:14:49',2,'A',NULL,NULL,NULL,NULL),('120439','2020-05-05 22:49:27',3,'A',NULL,NULL,NULL,NULL),('120439','2020-05-06 15:59:27',1,'A',NULL,NULL,NULL,NULL),('120439','2020-05-06 23:14:24',2,'A',NULL,NULL,NULL,NULL),('120439','2020-05-07 14:21:05',1,'A',NULL,NULL,NULL,NULL),('120439','2020-05-07 21:37:44',2,'A',NULL,NULL,NULL,NULL),('120439','2020-05-08 15:35:19',2,'A',NULL,NULL,NULL,NULL),('120439','2020-05-08 22:23:32',2,'A',NULL,NULL,NULL,NULL),('120439','2020-05-11 13:08:57',2,'A',NULL,NULL,NULL,NULL),('120439','2020-05-11 23:28:07',1,'A',NULL,NULL,NULL,NULL),('120439','2020-05-12 15:30:06',3,'A',NULL,NULL,NULL,NULL),('120439','2020-05-12 23:52:44',1,'A',NULL,NULL,NULL,NULL),('120439','2020-05-13 15:02:57',3,'A',NULL,NULL,NULL,NULL),('120439','2020-05-13 21:31:24',1,'A',NULL,NULL,NULL,NULL),('120439','2020-05-14 13:37:41',1,'A',NULL,NULL,NULL,NULL),('120439','2020-05-14 23:59:20',1,'A',NULL,NULL,NULL,NULL),('120439','2020-05-15 13:31:09',1,'A',NULL,NULL,NULL,NULL),('120439','2020-05-15 21:57:46',2,'A',NULL,NULL,NULL,NULL),('120439','2020-05-18 14:28:24',1,'A',NULL,NULL,NULL,NULL),('120439','2020-05-18 21:44:32',2,'A',NULL,NULL,NULL,NULL),('120439','2020-05-19 15:20:51',1,'A',NULL,NULL,NULL,NULL),('120439','2020-05-19 22:48:03',1,'A',NULL,NULL,NULL,NULL),('120439','2020-05-20 15:28:04',1,'A',NULL,NULL,NULL,NULL),('120439','2020-05-20 23:05:35',3,'A',NULL,NULL,NULL,NULL),('120439','2020-05-21 14:51:25',1,'A',NULL,NULL,NULL,NULL),('120439','2020-05-21 22:14:48',3,'A',NULL,NULL,NULL,NULL),('120439','2020-05-22 15:25:07',2,'A',NULL,NULL,NULL,NULL),('120439','2020-05-22 22:21:51',1,'A',NULL,NULL,NULL,NULL),('120439','2020-05-25 13:11:02',2,'A',NULL,NULL,NULL,NULL),('120439','2020-05-25 21:44:49',1,'A',NULL,NULL,NULL,NULL),('120439','2020-05-26 15:37:23',2,'A',NULL,NULL,NULL,NULL),('120439','2020-05-26 21:50:42',3,'A',NULL,NULL,NULL,NULL),('120439','2020-05-27 14:37:37',3,'A',NULL,NULL,NULL,NULL),('120439','2020-05-27 23:00:04',3,'A',NULL,NULL,NULL,NULL),('120439','2020-05-28 13:26:03',2,'A',NULL,NULL,NULL,NULL),('120439','2020-05-28 23:19:44',1,'A',NULL,NULL,NULL,NULL),('120439','2020-05-29 14:10:12',3,'A',NULL,NULL,NULL,NULL),('120439','2020-05-29 21:49:28',1,'A',NULL,NULL,NULL,NULL),('120440','2020-05-01 15:13:03',2,'A',NULL,NULL,NULL,NULL),('120440','2020-05-01 21:46:52',2,'A',NULL,NULL,NULL,NULL),('120440','2020-05-04 14:03:28',1,'A',NULL,NULL,NULL,NULL),('120440','2020-05-04 23:22:00',3,'A',NULL,NULL,NULL,NULL),('120440','2020-05-05 15:16:23',3,'A',NULL,NULL,NULL,NULL),('120440','2020-05-05 23:20:27',1,'A',NULL,NULL,NULL,NULL),('120440','2020-05-06 14:31:41',3,'A',NULL,NULL,NULL,NULL),('120440','2020-05-06 23:35:19',1,'A',NULL,NULL,NULL,NULL),('120440','2020-05-07 13:16:15',2,'A',NULL,NULL,NULL,NULL),('120440','2020-05-07 21:17:51',1,'A',NULL,NULL,NULL,NULL),('120440','2020-05-08 15:22:20',2,'A',NULL,NULL,NULL,NULL),('120440','2020-05-08 22:40:29',2,'A',NULL,NULL,NULL,NULL),('120440','2020-05-11 15:49:18',1,'A',NULL,NULL,NULL,NULL),('120440','2020-05-11 21:50:59',2,'A',NULL,NULL,NULL,NULL),('120440','2020-05-12 15:30:00',3,'A',NULL,NULL,NULL,NULL),('120440','2020-05-12 23:53:29',3,'A',NULL,NULL,NULL,NULL),('120440','2020-05-13 13:10:59',2,'A',NULL,NULL,NULL,NULL),('120440','2020-05-13 23:14:52',1,'A',NULL,NULL,NULL,NULL),('120440','2020-05-14 13:27:39',2,'A',NULL,NULL,NULL,NULL),('120440','2020-05-14 23:26:10',3,'A',NULL,NULL,NULL,NULL),('120440','2020-05-15 13:49:06',2,'A',NULL,NULL,NULL,NULL),('120440','2020-05-15 23:52:29',2,'A',NULL,NULL,NULL,NULL),('120440','2020-05-18 13:36:03',1,'A',NULL,NULL,NULL,NULL),('120440','2020-05-18 23:14:33',3,'A',NULL,NULL,NULL,NULL),('120440','2020-05-19 14:16:25',2,'A',NULL,NULL,NULL,NULL),('120440','2020-05-19 21:57:34',2,'A',NULL,NULL,NULL,NULL),('120440','2020-05-20 15:10:57',3,'A',NULL,NULL,NULL,NULL),('120440','2020-05-20 21:52:21',1,'A',NULL,NULL,NULL,NULL),('120440','2020-05-21 15:45:37',3,'A',NULL,NULL,NULL,NULL),('120440','2020-05-21 23:56:59',2,'A',NULL,NULL,NULL,NULL),('120440','2020-05-22 13:08:48',1,'A',NULL,NULL,NULL,NULL),('120440','2020-05-22 23:14:14',2,'A',NULL,NULL,NULL,NULL),('120440','2020-05-25 14:55:23',3,'A',NULL,NULL,NULL,NULL),('120440','2020-05-25 22:29:59',1,'A',NULL,NULL,NULL,NULL),('120440','2020-05-26 14:43:20',2,'A',NULL,NULL,NULL,NULL),('120440','2020-05-26 22:24:40',3,'A',NULL,NULL,NULL,NULL),('120440','2020-05-27 14:46:17',2,'A',NULL,NULL,NULL,NULL),('120440','2020-05-27 22:41:14',3,'A',NULL,NULL,NULL,NULL),('120440','2020-05-28 14:23:05',1,'A',NULL,NULL,NULL,NULL),('120440','2020-05-28 21:04:14',2,'A',NULL,NULL,NULL,NULL),('120440','2020-05-29 15:05:25',3,'A',NULL,NULL,NULL,NULL),('120440','2020-05-29 23:56:50',1,'A',NULL,NULL,NULL,NULL),('120441','2020-05-01 15:44:44',3,'A',NULL,NULL,NULL,NULL),('120441','2020-05-01 21:26:13',3,'A',NULL,NULL,NULL,NULL),('120441','2020-05-04 15:04:19',1,'A',NULL,NULL,NULL,NULL),('120441','2020-05-04 21:21:48',1,'A',NULL,NULL,NULL,NULL),('120441','2020-05-05 13:00:35',2,'A',NULL,NULL,NULL,NULL),('120441','2020-05-05 20:14:30',3,'A',NULL,NULL,NULL,NULL),('120441','2020-05-06 13:39:57',2,'A',NULL,NULL,NULL,NULL),('120441','2020-05-06 21:09:16',2,'A',NULL,NULL,NULL,NULL),('120441','2020-05-07 13:11:44',3,'A',NULL,NULL,NULL,NULL),('120441','2020-05-07 21:39:30',1,'A',NULL,NULL,NULL,NULL),('120441','2020-05-08 13:27:08',1,'A',NULL,NULL,NULL,NULL),('120441','2020-05-08 22:12:11',3,'A',NULL,NULL,NULL,NULL),('120441','2020-05-11 15:11:22',3,'A',NULL,NULL,NULL,NULL),('120441','2020-05-11 21:07:36',2,'A',NULL,NULL,NULL,NULL),('120441','2020-05-12 13:17:09',1,'A',NULL,NULL,NULL,NULL),('120441','2020-05-12 21:29:31',3,'A',NULL,NULL,NULL,NULL),('120441','2020-05-13 14:47:05',1,'A',NULL,NULL,NULL,NULL),('120441','2020-05-13 22:56:38',3,'A',NULL,NULL,NULL,NULL),('120441','2020-05-14 15:09:23',3,'A',NULL,NULL,NULL,NULL),('120441','2020-05-14 21:10:53',1,'A',NULL,NULL,NULL,NULL),('120441','2020-05-15 13:39:00',1,'A',NULL,NULL,NULL,NULL),('120441','2020-05-15 20:25:35',3,'A',NULL,NULL,NULL,NULL),('120441','2020-05-18 13:37:43',1,'A',NULL,NULL,NULL,NULL),('120441','2020-05-18 22:34:50',1,'A',NULL,NULL,NULL,NULL),('120441','2020-05-19 15:33:39',1,'A',NULL,NULL,NULL,NULL),('120441','2020-05-19 21:58:00',1,'A',NULL,NULL,NULL,NULL),('120441','2020-05-20 13:11:23',2,'A',NULL,NULL,NULL,NULL),('120441','2020-05-20 22:22:53',3,'A',NULL,NULL,NULL,NULL),('120441','2020-05-21 13:09:05',3,'A',NULL,NULL,NULL,NULL),('120441','2020-05-21 21:23:21',3,'A',NULL,NULL,NULL,NULL),('120441','2020-05-22 13:48:38',1,'A',NULL,NULL,NULL,NULL),('120441','2020-05-22 21:46:51',2,'A',NULL,NULL,NULL,NULL),('120441','2020-05-25 13:48:29',3,'A',NULL,NULL,NULL,NULL),('120441','2020-05-25 21:57:36',1,'A',NULL,NULL,NULL,NULL),('120441','2020-05-26 14:19:31',2,'A',NULL,NULL,NULL,NULL),('120441','2020-05-26 22:53:41',3,'A',NULL,NULL,NULL,NULL),('120441','2020-05-27 15:58:14',2,'A',NULL,NULL,NULL,NULL),('120441','2020-05-27 20:02:57',2,'A',NULL,NULL,NULL,NULL),('120441','2020-05-28 14:24:49',1,'A',NULL,NULL,NULL,NULL),('120441','2020-05-28 20:20:27',2,'A',NULL,NULL,NULL,NULL),('120441','2020-05-29 13:41:54',3,'A',NULL,NULL,NULL,NULL),('120441','2020-05-29 22:01:36',2,'A',NULL,NULL,NULL,NULL),('120442','2020-05-01 12:02:44',2,'A',NULL,NULL,NULL,NULL),('120442','2020-05-01 21:03:49',2,'A',NULL,NULL,NULL,NULL),('120442','2020-05-04 12:32:00',3,'A',NULL,NULL,NULL,NULL),('120442','2020-05-04 22:45:37',1,'A',NULL,NULL,NULL,NULL),('120442','2020-05-05 14:59:37',1,'A',NULL,NULL,NULL,NULL),('120442','2020-05-05 22:13:47',3,'A',NULL,NULL,NULL,NULL),('120442','2020-05-06 14:18:03',2,'A',NULL,NULL,NULL,NULL),('120442','2020-05-06 20:22:45',1,'A',NULL,NULL,NULL,NULL),('120442','2020-05-07 14:25:11',3,'A',NULL,NULL,NULL,NULL),('120442','2020-05-07 22:12:24',2,'A',NULL,NULL,NULL,NULL),('120442','2020-05-08 14:45:08',3,'A',NULL,NULL,NULL,NULL),('120442','2020-05-08 20:55:51',2,'A',NULL,NULL,NULL,NULL),('120442','2020-05-11 13:04:43',1,'A',NULL,NULL,NULL,NULL),('120442','2020-05-11 20:11:35',2,'A',NULL,NULL,NULL,NULL),('120442','2020-05-12 12:11:56',1,'A',NULL,NULL,NULL,NULL),('120442','2020-05-12 20:19:16',3,'A',NULL,NULL,NULL,NULL),('120442','2020-05-13 13:00:43',3,'A',NULL,NULL,NULL,NULL),('120442','2020-05-13 21:46:14',2,'A',NULL,NULL,NULL,NULL),('120442','2020-05-14 12:31:55',2,'A',NULL,NULL,NULL,NULL),('120442','2020-05-14 22:25:01',2,'A',NULL,NULL,NULL,NULL),('120442','2020-05-15 14:58:25',1,'A',NULL,NULL,NULL,NULL),('120442','2020-05-15 20:07:29',1,'A',NULL,NULL,NULL,NULL),('120442','2020-05-18 14:39:27',2,'A',NULL,NULL,NULL,NULL),('120442','2020-05-18 21:21:46',2,'A',NULL,NULL,NULL,NULL),('120442','2020-05-19 14:11:15',3,'A',NULL,NULL,NULL,NULL),('120442','2020-05-19 21:06:01',3,'A',NULL,NULL,NULL,NULL),('120442','2020-05-20 14:14:00',3,'A',NULL,NULL,NULL,NULL),('120442','2020-05-20 21:33:18',3,'A',NULL,NULL,NULL,NULL),('120442','2020-05-21 14:25:58',1,'A',NULL,NULL,NULL,NULL),('120442','2020-05-21 20:21:04',1,'A',NULL,NULL,NULL,NULL),('120442','2020-05-22 12:30:23',3,'A',NULL,NULL,NULL,NULL),('120442','2020-05-22 21:14:16',1,'A',NULL,NULL,NULL,NULL),('120442','2020-05-25 13:05:37',1,'A',NULL,NULL,NULL,NULL),('120442','2020-05-25 22:59:16',3,'A',NULL,NULL,NULL,NULL),('120442','2020-05-26 12:43:09',2,'A',NULL,NULL,NULL,NULL),('120442','2020-05-26 22:15:38',3,'A',NULL,NULL,NULL,NULL),('120442','2020-05-27 13:14:37',1,'A',NULL,NULL,NULL,NULL),('120442','2020-05-27 22:14:55',3,'A',NULL,NULL,NULL,NULL),('120442','2020-05-28 14:02:00',2,'A',NULL,NULL,NULL,NULL),('120442','2020-05-28 22:32:39',2,'A',NULL,NULL,NULL,NULL),('120442','2020-05-29 12:42:00',1,'A',NULL,NULL,NULL,NULL),('120442','2020-05-29 21:38:29',1,'A',NULL,NULL,NULL,NULL),('120443','2020-05-01 14:24:29',1,'A',NULL,NULL,NULL,NULL),('120443','2020-05-01 22:28:39',2,'A',NULL,NULL,NULL,NULL),('120443','2020-05-04 14:38:45',3,'A',NULL,NULL,NULL,NULL),('120443','2020-05-04 21:37:13',2,'A',NULL,NULL,NULL,NULL),('120443','2020-05-05 14:29:29',3,'A',NULL,NULL,NULL,NULL),('120443','2020-05-05 22:36:07',2,'A',NULL,NULL,NULL,NULL),('120443','2020-05-06 14:51:14',3,'A',NULL,NULL,NULL,NULL),('120443','2020-05-06 20:36:49',1,'A',NULL,NULL,NULL,NULL),('120443','2020-05-07 14:46:47',2,'A',NULL,NULL,NULL,NULL),('120443','2020-05-07 22:17:40',1,'A',NULL,NULL,NULL,NULL),('120443','2020-05-08 14:43:39',3,'A',NULL,NULL,NULL,NULL),('120443','2020-05-08 20:03:57',1,'A',NULL,NULL,NULL,NULL),('120443','2020-05-11 12:08:14',2,'A',NULL,NULL,NULL,NULL),('120443','2020-05-11 21:58:07',3,'A',NULL,NULL,NULL,NULL),('120443','2020-05-12 12:29:50',2,'A',NULL,NULL,NULL,NULL),('120443','2020-05-12 22:53:15',2,'A',NULL,NULL,NULL,NULL),('120443','2020-05-13 13:36:41',2,'A',NULL,NULL,NULL,NULL),('120443','2020-05-13 21:12:04',3,'A',NULL,NULL,NULL,NULL),('120443','2020-05-14 13:43:36',2,'A',NULL,NULL,NULL,NULL),('120443','2020-05-14 22:23:03',2,'A',NULL,NULL,NULL,NULL),('120443','2020-05-15 13:11:43',2,'A',NULL,NULL,NULL,NULL),('120443','2020-05-15 22:55:09',2,'A',NULL,NULL,NULL,NULL),('120443','2020-05-18 12:31:38',2,'A',NULL,NULL,NULL,NULL),('120443','2020-05-18 22:31:39',3,'A',NULL,NULL,NULL,NULL),('120443','2020-05-19 13:53:06',3,'A',NULL,NULL,NULL,NULL),('120443','2020-05-19 22:51:48',2,'A',NULL,NULL,NULL,NULL),('120443','2020-05-20 12:11:33',3,'A',NULL,NULL,NULL,NULL),('120443','2020-05-20 20:58:17',2,'A',NULL,NULL,NULL,NULL),('120443','2020-05-21 12:44:44',2,'A',NULL,NULL,NULL,NULL),('120443','2020-05-21 21:51:52',2,'A',NULL,NULL,NULL,NULL),('120443','2020-05-22 12:37:40',2,'A',NULL,NULL,NULL,NULL),('120443','2020-05-22 22:46:13',1,'A',NULL,NULL,NULL,NULL),('120443','2020-05-25 14:40:17',1,'A',NULL,NULL,NULL,NULL),('120443','2020-05-25 22:23:10',2,'A',NULL,NULL,NULL,NULL),('120443','2020-05-26 13:37:01',1,'A',NULL,NULL,NULL,NULL),('120443','2020-05-26 21:48:01',1,'A',NULL,NULL,NULL,NULL),('120443','2020-05-27 12:05:39',2,'A',NULL,NULL,NULL,NULL),('120443','2020-05-27 21:12:48',2,'A',NULL,NULL,NULL,NULL),('120443','2020-05-28 13:28:35',1,'A',NULL,NULL,NULL,NULL),('120443','2020-05-28 22:33:22',3,'A',NULL,NULL,NULL,NULL),('120443','2020-05-29 13:35:52',3,'A',NULL,NULL,NULL,NULL),('120443','2020-05-29 20:18:33',1,'A',NULL,NULL,NULL,NULL),('120444','2020-05-01 14:40:46',1,'A',NULL,NULL,NULL,NULL),('120444','2020-05-01 21:42:56',3,'A',NULL,NULL,NULL,NULL),('120444','2020-05-04 12:01:10',3,'A',NULL,NULL,NULL,NULL),('120444','2020-05-04 22:44:55',3,'A',NULL,NULL,NULL,NULL),('120444','2020-05-05 14:15:29',3,'A',NULL,NULL,NULL,NULL),('120444','2020-05-05 22:02:24',1,'A',NULL,NULL,NULL,NULL),('120444','2020-05-06 12:47:20',1,'A',NULL,NULL,NULL,NULL),('120444','2020-05-06 20:41:07',1,'A',NULL,NULL,NULL,NULL),('120444','2020-05-07 12:24:15',2,'A',NULL,NULL,NULL,NULL),('120444','2020-05-07 21:07:51',3,'A',NULL,NULL,NULL,NULL),('120444','2020-05-08 12:40:53',1,'A',NULL,NULL,NULL,NULL),('120444','2020-05-08 20:14:29',3,'A',NULL,NULL,NULL,NULL),('120444','2020-05-11 13:48:32',2,'A',NULL,NULL,NULL,NULL),('120444','2020-05-11 20:22:36',3,'A',NULL,NULL,NULL,NULL),('120444','2020-05-12 12:58:51',1,'A',NULL,NULL,NULL,NULL),('120444','2020-05-12 22:24:28',2,'A',NULL,NULL,NULL,NULL),('120444','2020-05-13 14:00:34',3,'A',NULL,NULL,NULL,NULL),('120444','2020-05-13 20:08:15',2,'A',NULL,NULL,NULL,NULL),('120444','2020-05-14 13:22:16',1,'A',NULL,NULL,NULL,NULL),('120444','2020-05-14 21:43:47',3,'A',NULL,NULL,NULL,NULL),('120444','2020-05-15 14:31:40',2,'A',NULL,NULL,NULL,NULL),('120444','2020-05-15 22:33:58',2,'A',NULL,NULL,NULL,NULL),('120444','2020-05-18 12:13:32',2,'A',NULL,NULL,NULL,NULL),('120444','2020-05-18 20:16:30',1,'A',NULL,NULL,NULL,NULL),('120444','2020-05-19 14:19:32',3,'A',NULL,NULL,NULL,NULL),('120444','2020-05-19 22:40:54',3,'A',NULL,NULL,NULL,NULL),('120444','2020-05-20 13:06:34',3,'A',NULL,NULL,NULL,NULL),('120444','2020-05-20 21:52:30',3,'A',NULL,NULL,NULL,NULL),('120444','2020-05-21 14:12:11',1,'A',NULL,NULL,NULL,NULL),('120444','2020-05-21 20:25:34',3,'A',NULL,NULL,NULL,NULL),('120444','2020-05-22 12:23:23',1,'A',NULL,NULL,NULL,NULL),('120444','2020-05-22 20:38:06',1,'A',NULL,NULL,NULL,NULL),('120444','2020-05-25 14:08:28',3,'A',NULL,NULL,NULL,NULL),('120444','2020-05-25 20:48:57',3,'A',NULL,NULL,NULL,NULL),('120444','2020-05-26 14:17:17',1,'A',NULL,NULL,NULL,NULL),('120444','2020-05-26 21:08:07',2,'A',NULL,NULL,NULL,NULL),('120444','2020-05-27 12:59:49',2,'A',NULL,NULL,NULL,NULL),('120444','2020-05-27 22:50:13',3,'A',NULL,NULL,NULL,NULL),('120444','2020-05-28 13:12:38',1,'A',NULL,NULL,NULL,NULL),('120444','2020-05-28 21:09:46',1,'A',NULL,NULL,NULL,NULL),('120444','2020-05-29 12:55:19',2,'A',NULL,NULL,NULL,NULL),('120444','2020-05-29 20:51:42',3,'A',NULL,NULL,NULL,NULL),('120445','2020-05-01 14:26:51',3,'A',NULL,NULL,NULL,NULL),('120445','2020-05-01 21:32:52',1,'A',NULL,NULL,NULL,NULL),('120445','2020-05-04 13:33:51',2,'A',NULL,NULL,NULL,NULL),('120445','2020-05-04 22:24:37',2,'A',NULL,NULL,NULL,NULL),('120445','2020-05-05 12:41:59',1,'A',NULL,NULL,NULL,NULL),('120445','2020-05-05 22:51:31',3,'A',NULL,NULL,NULL,NULL),('120445','2020-05-06 12:37:41',1,'A',NULL,NULL,NULL,NULL),('120445','2020-05-06 22:27:48',2,'A',NULL,NULL,NULL,NULL),('120445','2020-05-07 14:41:41',1,'A',NULL,NULL,NULL,NULL),('120445','2020-05-07 22:45:40',2,'A',NULL,NULL,NULL,NULL),('120445','2020-05-08 13:59:41',2,'A',NULL,NULL,NULL,NULL),('120445','2020-05-08 20:35:26',3,'A',NULL,NULL,NULL,NULL),('120445','2020-05-11 13:17:41',2,'A',NULL,NULL,NULL,NULL),('120445','2020-05-11 22:13:37',2,'A',NULL,NULL,NULL,NULL),('120445','2020-05-12 13:52:52',2,'A',NULL,NULL,NULL,NULL),('120445','2020-05-12 21:31:38',2,'A',NULL,NULL,NULL,NULL),('120445','2020-05-13 13:45:42',2,'A',NULL,NULL,NULL,NULL),('120445','2020-05-13 21:10:28',3,'A',NULL,NULL,NULL,NULL),('120445','2020-05-14 13:19:54',1,'A',NULL,NULL,NULL,NULL),('120445','2020-05-14 20:18:31',3,'A',NULL,NULL,NULL,NULL),('120445','2020-05-15 12:46:44',2,'A',NULL,NULL,NULL,NULL),('120445','2020-05-15 21:03:06',3,'A',NULL,NULL,NULL,NULL),('120445','2020-05-18 14:24:26',2,'A',NULL,NULL,NULL,NULL),('120445','2020-05-18 20:46:35',1,'A',NULL,NULL,NULL,NULL),('120445','2020-05-19 14:39:36',2,'A',NULL,NULL,NULL,NULL),('120445','2020-05-19 20:36:01',3,'A',NULL,NULL,NULL,NULL),('120445','2020-05-20 14:43:21',1,'A',NULL,NULL,NULL,NULL),('120445','2020-05-20 22:44:09',2,'A',NULL,NULL,NULL,NULL),('120445','2020-05-21 13:52:18',3,'A',NULL,NULL,NULL,NULL),('120445','2020-05-21 22:10:03',2,'A',NULL,NULL,NULL,NULL),('120445','2020-05-22 14:02:48',2,'A',NULL,NULL,NULL,NULL),('120445','2020-05-22 21:07:59',2,'A',NULL,NULL,NULL,NULL),('120445','2020-05-25 12:15:18',1,'A',NULL,NULL,NULL,NULL),('120445','2020-05-25 20:16:37',2,'A',NULL,NULL,NULL,NULL),('120445','2020-05-26 12:28:38',2,'A',NULL,NULL,NULL,NULL),('120445','2020-05-26 20:09:58',1,'A',NULL,NULL,NULL,NULL),('120445','2020-05-27 14:24:03',2,'A',NULL,NULL,NULL,NULL),('120445','2020-05-27 22:51:21',2,'A',NULL,NULL,NULL,NULL),('120445','2020-05-28 12:02:23',2,'A',NULL,NULL,NULL,NULL),('120445','2020-05-28 22:59:14',3,'A',NULL,NULL,NULL,NULL),('120445','2020-05-29 12:25:00',3,'A',NULL,NULL,NULL,NULL),('120445','2020-05-29 22:08:04',3,'A',NULL,NULL,NULL,NULL),('120446','2020-05-01 07:47:10',3,'A',NULL,NULL,NULL,NULL),('120446','2020-05-01 15:18:25',1,'A',NULL,NULL,NULL,NULL),('120446','2020-05-04 08:17:50',2,'A',NULL,NULL,NULL,NULL),('120446','2020-05-04 15:29:38',2,'A',NULL,NULL,NULL,NULL),('120446','2020-05-05 07:31:23',3,'A',NULL,NULL,NULL,NULL),('120446','2020-05-05 17:13:13',1,'A',NULL,NULL,NULL,NULL),('120446','2020-05-06 07:36:13',2,'A',NULL,NULL,NULL,NULL),('120446','2020-05-06 16:43:00',1,'A',NULL,NULL,NULL,NULL),('120446','2020-05-07 08:13:05',2,'A',NULL,NULL,NULL,NULL),('120446','2020-05-07 15:27:20',3,'A',NULL,NULL,NULL,NULL),('120446','2020-05-08 07:29:05',2,'A',NULL,NULL,NULL,NULL),('120446','2020-05-08 17:35:51',1,'A',NULL,NULL,NULL,NULL),('120446','2020-05-11 07:36:42',2,'A',NULL,NULL,NULL,NULL),('120446','2020-05-11 16:18:22',2,'A',NULL,NULL,NULL,NULL),('120446','2020-05-12 09:45:34',1,'A',NULL,NULL,NULL,NULL),('120446','2020-05-12 16:07:08',3,'A',NULL,NULL,NULL,NULL),('120446','2020-05-13 08:17:12',3,'A',NULL,NULL,NULL,NULL),('120446','2020-05-13 16:19:16',3,'A',NULL,NULL,NULL,NULL),('120446','2020-05-14 08:48:18',3,'A',NULL,NULL,NULL,NULL),('120446','2020-05-14 17:37:09',3,'A',NULL,NULL,NULL,NULL),('120446','2020-05-15 09:40:45',1,'A',NULL,NULL,NULL,NULL),('120446','2020-05-15 15:39:34',1,'A',NULL,NULL,NULL,NULL),('120446','2020-05-18 07:44:38',2,'A',NULL,NULL,NULL,NULL),('120446','2020-05-18 16:21:35',2,'A',NULL,NULL,NULL,NULL),('120446','2020-05-19 09:03:58',3,'A',NULL,NULL,NULL,NULL),('120446','2020-05-19 15:41:06',1,'A',NULL,NULL,NULL,NULL),('120446','2020-05-20 07:08:23',1,'A',NULL,NULL,NULL,NULL),('120446','2020-05-20 16:45:26',2,'A',NULL,NULL,NULL,NULL),('120446','2020-05-21 09:24:01',2,'A',NULL,NULL,NULL,NULL),('120446','2020-05-21 15:03:10',1,'A',NULL,NULL,NULL,NULL),('120446','2020-05-22 09:41:37',3,'A',NULL,NULL,NULL,NULL),('120446','2020-05-22 17:16:43',1,'A',NULL,NULL,NULL,NULL),('120446','2020-05-25 08:31:36',2,'A',NULL,NULL,NULL,NULL),('120446','2020-05-25 16:26:04',2,'A',NULL,NULL,NULL,NULL),('120446','2020-05-26 07:39:18',3,'A',NULL,NULL,NULL,NULL),('120446','2020-05-26 16:33:24',3,'A',NULL,NULL,NULL,NULL),('120446','2020-05-27 09:56:48',1,'A',NULL,NULL,NULL,NULL),('120446','2020-05-27 15:48:22',2,'A',NULL,NULL,NULL,NULL),('120446','2020-05-28 08:19:29',3,'A',NULL,NULL,NULL,NULL),('120446','2020-05-28 15:30:25',1,'A',NULL,NULL,NULL,NULL),('120446','2020-05-29 08:46:58',3,'A',NULL,NULL,NULL,NULL),('120446','2020-05-29 15:10:20',3,'A',NULL,NULL,NULL,NULL),('120447','2020-05-01 07:31:15',1,'A',NULL,NULL,NULL,NULL),('120447','2020-05-01 17:13:39',2,'A',NULL,NULL,NULL,NULL),('120447','2020-05-04 09:44:18',1,'A',NULL,NULL,NULL,NULL),('120447','2020-05-04 17:53:30',3,'A',NULL,NULL,NULL,NULL),('120447','2020-05-05 09:23:45',3,'A',NULL,NULL,NULL,NULL),('120447','2020-05-05 17:12:05',3,'A',NULL,NULL,NULL,NULL),('120447','2020-05-06 08:51:44',2,'A',NULL,NULL,NULL,NULL),('120447','2020-05-06 16:43:58',3,'A',NULL,NULL,NULL,NULL),('120447','2020-05-07 08:30:28',3,'A',NULL,NULL,NULL,NULL),('120447','2020-05-07 17:02:35',2,'A',NULL,NULL,NULL,NULL),('120447','2020-05-08 07:18:51',2,'A',NULL,NULL,NULL,NULL),('120447','2020-05-08 15:02:57',3,'A',NULL,NULL,NULL,NULL),('120447','2020-05-11 08:06:14',3,'A',NULL,NULL,NULL,NULL),('120447','2020-05-11 16:33:24',3,'A',NULL,NULL,NULL,NULL),('120447','2020-05-12 08:09:16',2,'A',NULL,NULL,NULL,NULL),('120447','2020-05-12 15:23:15',2,'A',NULL,NULL,NULL,NULL),('120447','2020-05-13 08:34:57',1,'A',NULL,NULL,NULL,NULL),('120447','2020-05-13 17:15:49',2,'A',NULL,NULL,NULL,NULL),('120447','2020-05-14 09:16:32',3,'A',NULL,NULL,NULL,NULL),('120447','2020-05-14 16:13:07',3,'A',NULL,NULL,NULL,NULL),('120447','2020-05-15 09:39:47',3,'A',NULL,NULL,NULL,NULL),('120447','2020-05-15 17:41:40',3,'A',NULL,NULL,NULL,NULL),('120447','2020-05-18 08:43:19',1,'A',NULL,NULL,NULL,NULL),('120447','2020-05-18 16:07:27',1,'A',NULL,NULL,NULL,NULL),('120447','2020-05-19 08:22:44',1,'A',NULL,NULL,NULL,NULL),('120447','2020-05-19 16:12:23',2,'A',NULL,NULL,NULL,NULL),('120447','2020-05-20 07:37:37',2,'A',NULL,NULL,NULL,NULL),('120447','2020-05-20 17:34:15',1,'A',NULL,NULL,NULL,NULL),('120447','2020-05-21 08:24:42',3,'A',NULL,NULL,NULL,NULL),('120447','2020-05-21 15:26:42',3,'A',NULL,NULL,NULL,NULL),('120447','2020-05-22 07:49:46',1,'A',NULL,NULL,NULL,NULL),('120447','2020-05-22 15:15:12',1,'A',NULL,NULL,NULL,NULL),('120447','2020-05-25 07:22:26',1,'A',NULL,NULL,NULL,NULL),('120447','2020-05-25 15:32:57',1,'A',NULL,NULL,NULL,NULL),('120447','2020-05-26 08:09:13',1,'A',NULL,NULL,NULL,NULL),('120447','2020-05-26 17:00:24',3,'A',NULL,NULL,NULL,NULL),('120447','2020-05-27 08:10:00',3,'A',NULL,NULL,NULL,NULL),('120447','2020-05-27 17:39:52',2,'A',NULL,NULL,NULL,NULL),('120447','2020-05-28 07:08:16',1,'A',NULL,NULL,NULL,NULL),('120447','2020-05-28 17:34:00',3,'A',NULL,NULL,NULL,NULL),('120447','2020-05-29 07:33:30',3,'A',NULL,NULL,NULL,NULL),('120447','2020-05-29 16:14:30',1,'A',NULL,NULL,NULL,NULL),('654321','2020-05-01 07:21:24',3,'A',NULL,NULL,NULL,NULL),('654321','2020-05-01 16:53:14',2,'A',NULL,NULL,NULL,NULL),('654321','2020-05-04 08:36:26',3,'A',NULL,NULL,NULL,NULL),('654321','2020-05-04 17:46:28',3,'A',NULL,NULL,NULL,NULL),('654321','2020-05-05 08:07:28',3,'A',NULL,NULL,NULL,NULL),('654321','2020-05-05 15:23:54',1,'A',NULL,NULL,NULL,NULL),('654321','2020-05-06 07:07:25',3,'A',NULL,NULL,NULL,NULL),('654321','2020-05-06 16:43:41',3,'A',NULL,NULL,NULL,NULL),('654321','2020-05-07 07:08:21',3,'A',NULL,NULL,NULL,NULL),('654321','2020-05-07 16:22:42',3,'A',NULL,NULL,NULL,NULL),('654321','2020-05-08 07:12:57',1,'A',NULL,NULL,NULL,NULL),('654321','2020-05-08 16:54:15',2,'A',NULL,NULL,NULL,NULL),('654321','2020-05-11 09:47:26',3,'A',NULL,NULL,NULL,NULL),('654321','2020-05-11 16:30:08',3,'A',NULL,NULL,NULL,NULL),('654321','2020-05-12 08:17:56',2,'A',NULL,NULL,NULL,NULL),('654321','2020-05-12 16:35:50',2,'A',NULL,NULL,NULL,NULL),('654321','2020-05-13 09:38:00',1,'A',NULL,NULL,NULL,NULL),('654321','2020-05-13 15:52:41',3,'A',NULL,NULL,NULL,NULL),('654321','2020-05-14 09:54:30',1,'A',NULL,NULL,NULL,NULL),('654321','2020-05-14 17:36:29',3,'A',NULL,NULL,NULL,NULL),('654321','2020-05-15 09:23:00',3,'A',NULL,NULL,NULL,NULL),('654321','2020-05-15 16:22:34',1,'A',NULL,NULL,NULL,NULL),('654321','2020-05-18 08:54:19',1,'A',NULL,NULL,NULL,NULL),('654321','2020-05-18 17:02:15',3,'A',NULL,NULL,NULL,NULL),('654321','2020-05-19 08:54:21',3,'A',NULL,NULL,NULL,NULL),('654321','2020-05-19 17:16:55',1,'A',NULL,NULL,NULL,NULL),('654321','2020-05-20 08:18:28',3,'A',NULL,NULL,NULL,NULL),('654321','2020-05-20 17:01:21',2,'A',NULL,NULL,NULL,NULL),('654321','2020-05-21 09:24:23',1,'A',NULL,NULL,NULL,NULL),('654321','2020-05-21 16:00:32',2,'A',NULL,NULL,NULL,NULL),('654321','2020-05-22 07:29:08',1,'A',NULL,NULL,NULL,NULL),('654321','2020-05-22 17:55:51',3,'A',NULL,NULL,NULL,NULL),('654321','2020-05-25 08:07:39',2,'A',NULL,NULL,NULL,NULL),('654321','2020-05-25 15:54:17',1,'A',NULL,NULL,NULL,NULL),('654321','2020-05-26 09:40:38',1,'A',NULL,NULL,NULL,NULL),('654321','2020-05-26 17:38:06',3,'A',NULL,NULL,NULL,NULL),('654321','2020-05-27 07:45:14',1,'A',NULL,NULL,NULL,NULL),('654321','2020-05-27 16:38:43',3,'A',NULL,NULL,NULL,NULL),('654321','2020-05-28 07:17:16',1,'A',NULL,NULL,NULL,NULL),('654321','2020-05-28 17:20:53',3,'A',NULL,NULL,NULL,NULL),('654321','2020-05-29 08:50:32',3,'A',NULL,NULL,NULL,NULL),('654321','2020-05-29 15:07:37',3,'A',NULL,NULL,NULL,NULL);
/*!40000 ALTER TABLE `pregasi` ENABLE KEYS */;
UNLOCK TABLES;

--
-- Table structure for table `tincemp`
--

DROP TABLE IF EXISTS `tincemp`;
/*!40101 SET @saved_cs_client     = @@character_set_client */;
/*!40101 SET character_set_client = utf8 */;
CREATE TABLE `tincemp` (
  `CCVEEMP` char(6) NOT NULL,
  `DFECINC` date NOT NULL,
  `CTIPINC` char(1) NOT NULL,
  `CSTATUS` char(1) DEFAULT NULL,
  `CUSUINS` char(10) DEFAULT NULL,
  `DFECINS` date DEFAULT NULL,
  `CUSUMOD` char(10) DEFAULT NULL,
  `DFECMOD` date DEFAULT NULL,
  PRIMARY KEY (`CCVEEMP`,`CTIPINC`,`DFECINC`),
  CONSTRAINT `FK_TINCEMP_DDATEMP` FOREIGN KEY (`CCVEEMP`) REFERENCES `ddatemp` (`CCVEEMP`)
) ENGINE=InnoDB DEFAULT CHARSET=latin1;
/*!40101 SET character_set_client = @saved_cs_client */;

--
-- Dumping data for table `tincemp`
--

LOCK TABLES `tincemp` WRITE;
/*!40000 ALTER TABLE `tincemp` DISABLE KEYS */;
INSERT INTO `tincemp` VALUES ('111770','2020-05-01','A',NULL,'Raymundo','2020-06-15',NULL,NULL),('111770','2020-05-05','A',NULL,'Joshua','2020-06-22',NULL,NULL),('111770','2020-05-01','N',NULL,'Raymundo','2020-06-15',NULL,NULL),('111770','2020-05-05','T',NULL,'Joshua','2020-06-22',NULL,NULL),('120420','2020-05-01','A',NULL,'Raymundo','2020-06-15',NULL,NULL),('120420','2020-05-04','A',NULL,'Joshua','2020-06-22',NULL,NULL),('120420','2020-05-05','A',NULL,'Joshua','2020-06-22',NULL,NULL),('120420','2020-05-01','T',NULL,'Raymundo','2020-06-15',NULL,NULL),('120420','2020-05-05','Y',NULL,'Joshua','2020-06-22',NULL,NULL),('120421','2020-05-05','T',NULL,'Joshua','2020-06-22',NULL,NULL),('120422','2020-05-01','A',NULL,'Raymundo','2020-06-15',NULL,NULL),('120422','2020-05-01','T',NULL,'Raymundo','2020-06-15',NULL,NULL),('120423','2020-05-01','A',NULL,'Raymundo','2020-06-15',NULL,NULL),('120423','2020-05-04','A',NULL,'Joshua','2020-06-22',NULL,NULL),('120423','2020-05-01','N',NULL,'Raymundo','2020-06-15',NULL,NULL),('120423','2020-05-04','T',NULL,'Joshua','2020-06-22',NULL,NULL),('120423','2020-05-05','Y',NULL,'Joshua','2020-06-22',NULL,NULL),('120424','2020-05-01','A',NULL,'Raymundo','2020-06-15',NULL,NULL),('120424','2020-05-01','N',NULL,'Raymundo','2020-06-15',NULL,NULL),('120424','2020-05-05','T',NULL,'Joshua','2020-06-22',NULL,NULL),('120425','2020-05-05','A',NULL,'Joshua','2020-06-22',NULL,NULL),('120425','2020-05-04','N',NULL,'Joshua','2020-06-22',NULL,NULL),('120426','2020-05-04','A',NULL,'Joshua','2020-06-22',NULL,NULL),('120426','2020-05-05','A',NULL,'Joshua','2020-06-22',NULL,NULL),('120428','2020-05-01','T',NULL,'Raymundo','2020-06-15',NULL,NULL),('120428','2020-05-04','T',NULL,'Joshua','2020-06-22',NULL,NULL),('120428','2020-05-05','Y',NULL,'Joshua','2020-06-22',NULL,NULL),('120429','2020-05-01','T',NULL,'Raymundo','2020-06-15',NULL,NULL),('120429','2020-05-04','T',NULL,'Joshua','2020-06-22',NULL,NULL),('120429','2020-05-05','T',NULL,'Joshua','2020-06-22',NULL,NULL),('120430','2020-05-01','T',NULL,'Raymundo','2020-06-15',NULL,NULL),('120430','2020-05-04','T',NULL,'Joshua','2020-06-22',NULL,NULL),('120431','2020-05-04','T',NULL,'Joshua','2020-06-22',NULL,NULL),('120432','2020-05-05','T',NULL,'Joshua','2020-06-22',NULL,NULL),('120433','2020-05-05','T',NULL,'Joshua','2020-06-22',NULL,NULL),('120434','2020-05-04','T',NULL,'Joshua','2020-06-22',NULL,NULL),('120435','2020-05-04','T',NULL,'Joshua','2020-06-22',NULL,NULL),('120435','2020-05-05','T',NULL,'Joshua','2020-06-22',NULL,NULL),('120436','2020-05-01','T',NULL,'Raymundo','2020-06-15',NULL,NULL),('120437','2020-05-04','N',NULL,'Joshua','2020-06-22',NULL,NULL),('120437','2020-05-05','T',NULL,'Joshua','2020-06-22',NULL,NULL),('120440','2020-05-01','N',NULL,'Raymundo','2020-06-15',NULL,NULL),('120440','2020-05-05','N',NULL,'Joshua','2020-06-22',NULL,NULL),('120441','2020-05-05','A',NULL,'Joshua','2020-06-22',NULL,NULL),('120441','2020-05-01','T',NULL,'Raymundo','2020-06-15',NULL,NULL),('120446','2020-05-04','N',NULL,'Joshua','2020-06-22',NULL,NULL),('120447','2020-05-04','T',NULL,'Joshua','2020-06-22',NULL,NULL),('120447','2020-05-05','T',NULL,'Joshua','2020-06-22',NULL,NULL),('654321','2020-05-04','T',NULL,'Joshua','2020-06-22',NULL,NULL);
/*!40000 ALTER TABLE `tincemp` ENABLE KEYS */;
UNLOCK TABLES;

--
-- Dumping events for database 'DBREGASI'
--

--
-- Dumping routines for database 'DBREGASI'
--
/*!50003 DROP PROCEDURE IF EXISTS `spBorraDetalleHorario` */;
/*!50003 SET @saved_cs_client      = @@character_set_client */ ;
/*!50003 SET @saved_cs_results     = @@character_set_results */ ;
/*!50003 SET @saved_col_connection = @@collation_connection */ ;
/*!50003 SET character_set_client  = utf8 */ ;
/*!50003 SET character_set_results = utf8 */ ;
/*!50003 SET collation_connection  = utf8_general_ci */ ;
/*!50003 SET @saved_sql_mode       = @@sql_mode */ ;
/*!50003 SET sql_mode              = 'ONLY_FULL_GROUP_BY,STRICT_TRANS_TABLES,NO_ZERO_IN_DATE,NO_ZERO_DATE,ERROR_FOR_DIVISION_BY_ZERO,NO_ENGINE_SUBSTITUTION' */ ;
DELIMITER ;;
CREATE DEFINER=`root`@`localhost` PROCEDURE `spBorraDetalleHorario`(in idHora decimal(5,0), in diaSemana decimal(1,0))
begin
declare existe int;

set existe=(select count(*) from CHORARS where CHORARS.NIDHORA = idHora);
if existe>0 then
	set existe=(select count(*) from DDETHOR d where d.NIDHORA=idHora and d.NDIASEM=diaSemana);
    if existe=1 then
		delete from DDETHOR where NIDHORA=idHora and NDIASEM=diaSemana;
		select 1 as resultado, 'Detalle borrado exitosamente' as mensaje;
	else
		select -2 as resultado, 'Ese detalle no existe' as mensaje;
	end if;
else
	select -1 as resultado, 'El id horario no existe' as mensaje;
end if;
end ;;
DELIMITER ;
/*!50003 SET sql_mode              = @saved_sql_mode */ ;
/*!50003 SET character_set_client  = @saved_cs_client */ ;
/*!50003 SET character_set_results = @saved_cs_results */ ;
/*!50003 SET collation_connection  = @saved_col_connection */ ;
/*!50003 DROP PROCEDURE IF EXISTS `spBorraEmpleado` */;
/*!50003 SET @saved_cs_client      = @@character_set_client */ ;
/*!50003 SET @saved_cs_results     = @@character_set_results */ ;
/*!50003 SET @saved_col_connection = @@collation_connection */ ;
/*!50003 SET character_set_client  = utf8 */ ;
/*!50003 SET character_set_results = utf8 */ ;
/*!50003 SET collation_connection  = utf8_general_ci */ ;
/*!50003 SET @saved_sql_mode       = @@sql_mode */ ;
/*!50003 SET sql_mode              = 'ONLY_FULL_GROUP_BY,STRICT_TRANS_TABLES,NO_ZERO_IN_DATE,NO_ZERO_DATE,ERROR_FOR_DIVISION_BY_ZERO,NO_ENGINE_SUBSTITUTION' */ ;
DELIMITER ;;
CREATE DEFINER=`root`@`localhost` PROCEDURE `spBorraEmpleado`(in clave char(6), in idUsr int)
begin
declare usuario varchar(30);
declare existe int;
set existe= (select count(*) from DDATEMP d where d.CCVEEMP = clave);
if existe = 1 then
	set usuario =(select i.DUSUARI from DINISES i where i.DIDEUSR = idUsr);
    delete from DDATEMP where CCVEEMP=clave;
    select 1 as resultado, 'Empleado borrado exitosamente' as mensaje;   
else 
	select 0 as resultado, 'Ese empelado no existe' as mensaje;
end if;
end ;;
DELIMITER ;
/*!50003 SET sql_mode              = @saved_sql_mode */ ;
/*!50003 SET character_set_client  = @saved_cs_client */ ;
/*!50003 SET character_set_results = @saved_cs_results */ ;
/*!50003 SET collation_connection  = @saved_col_connection */ ;
/*!50003 DROP PROCEDURE IF EXISTS `spBorraHorario` */;
/*!50003 SET @saved_cs_client      = @@character_set_client */ ;
/*!50003 SET @saved_cs_results     = @@character_set_results */ ;
/*!50003 SET @saved_col_connection = @@collation_connection */ ;
/*!50003 SET character_set_client  = utf8 */ ;
/*!50003 SET character_set_results = utf8 */ ;
/*!50003 SET collation_connection  = utf8_general_ci */ ;
/*!50003 SET @saved_sql_mode       = @@sql_mode */ ;
/*!50003 SET sql_mode              = 'ONLY_FULL_GROUP_BY,STRICT_TRANS_TABLES,NO_ZERO_IN_DATE,NO_ZERO_DATE,ERROR_FOR_DIVISION_BY_ZERO,NO_ENGINE_SUBSTITUTION' */ ;
DELIMITER ;;
CREATE DEFINER=`root`@`localhost` PROCEDURE `spBorraHorario`(in idHorario decimal(5))
begin
declare existe int;
set existe=(select count(*) from CHORARS where CHORARS.NIDHORA = idHora);
if existe=1 then
    delete from CHORARS 
        where NIDHORA = idHorario;
        select 0 as resultado, 'Horario borrado exitosamente'  as mensaje;
else
	select -1 as resultado, 'Horario no existe'  as mensaje;
end if;
end ;;
DELIMITER ;
/*!50003 SET sql_mode              = @saved_sql_mode */ ;
/*!50003 SET character_set_client  = @saved_cs_client */ ;
/*!50003 SET character_set_results = @saved_cs_results */ ;
/*!50003 SET collation_connection  = @saved_col_connection */ ;
/*!50003 DROP PROCEDURE IF EXISTS `spBorraHorarioEmpleado` */;
/*!50003 SET @saved_cs_client      = @@character_set_client */ ;
/*!50003 SET @saved_cs_results     = @@character_set_results */ ;
/*!50003 SET @saved_col_connection = @@collation_connection */ ;
/*!50003 SET character_set_client  = utf8mb4 */ ;
/*!50003 SET character_set_results = utf8mb4 */ ;
/*!50003 SET collation_connection  = utf8mb4_general_ci */ ;
/*!50003 SET @saved_sql_mode       = @@sql_mode */ ;
/*!50003 SET sql_mode              = 'ONLY_FULL_GROUP_BY,STRICT_TRANS_TABLES,NO_ZERO_IN_DATE,NO_ZERO_DATE,ERROR_FOR_DIVISION_BY_ZERO,NO_ENGINE_SUBSTITUTION' */ ;
DELIMITER ;;
CREATE DEFINER=`root`@`localhost` PROCEDURE `spBorraHorarioEmpleado`(in claveEmpleado char(6), in idHorario decimal(5,0))
begin
declare existe int;
set existe=(select count(*) from DDATEMP where CCVEEMP = claveEmpleado);
if existe=1 then
	set existe =(select count(*) from CHORARS where NIDHORA = idHorario);
    if existe =1 then
		set existe =(select count(*) from DHREMPS where CCVEEMP = claveEmpleado and NIDHORA = idHorario);
        if existe = 1 then
			delete from DHREMPS where nidhora = idHorario and ccveemp =  claveEmpleado;
			select 1 as resultado, 'Eliminado exitosamente' as mensaje;
		else
			select -2 as resultado, 'Ese empelado no tiene asignado ese horario' as mensaje;
        end if;
	else
		select -1 as resultado, 'Ese horario no existe' as mensaje;
	end if;
else
	select 0 as resultado, 'Ese empelado no existe' as mensaje;
end if;
end ;;
DELIMITER ;
/*!50003 SET sql_mode              = @saved_sql_mode */ ;
/*!50003 SET character_set_client  = @saved_cs_client */ ;
/*!50003 SET character_set_results = @saved_cs_results */ ;
/*!50003 SET collation_connection  = @saved_col_connection */ ;
/*!50003 DROP PROCEDURE IF EXISTS `spGuaradaHorarioEmpleado` */;
/*!50003 SET @saved_cs_client      = @@character_set_client */ ;
/*!50003 SET @saved_cs_results     = @@character_set_results */ ;
/*!50003 SET @saved_col_connection = @@collation_connection */ ;
/*!50003 SET character_set_client  = utf8mb4 */ ;
/*!50003 SET character_set_results = utf8mb4 */ ;
/*!50003 SET collation_connection  = utf8mb4_general_ci */ ;
/*!50003 SET @saved_sql_mode       = @@sql_mode */ ;
/*!50003 SET sql_mode              = 'ONLY_FULL_GROUP_BY,STRICT_TRANS_TABLES,NO_ZERO_IN_DATE,NO_ZERO_DATE,ERROR_FOR_DIVISION_BY_ZERO,NO_ENGINE_SUBSTITUTION' */ ;
DELIMITER ;;
CREATE DEFINER=`root`@`localhost` PROCEDURE `spGuaradaHorarioEmpleado`(in claveEmpleado char(6), in idHorario decimal(5,0), in idUsr int, in fechaAsignacion date, in estatus char)
begin
declare existe int;
set existe=(select count(*) from DDATEMP where CCVEEMP = claveEmpleado);
if existe=1 then
	set existe =(select count(*) from CHORARS where NIDHORA = idHorario);
    if existe =1 then
		set existe =(select count(*) from DHREMPS where CCVEEMP = claveEmpleado and NIDHORA = idHorario);
        if existe = 0 then
			insert into DHREMPS(nidhora, ccveemp, dfecais, cstatus, cusuins,dfecins) values 
			(idHorario, claveEmpleado, fechaAsignacion, estatus, (select i.DUSUARI from DINISES i where i.DIDEUSR = idUsr), curdate());
			select 1 as resultado, 'Registrado exitosamente' as mensaje;
		else
			select -2 as resultado, 'Ese empelado ya tiene asignado ese horario' as mensaje;
        end if;
	else
		select -1 as resultado, 'Ese horario no existe' as mensaje;
	end if;
else
	select 0 as resultado, 'Ese empelado no existe' as mensaje;
end if;
end ;;
DELIMITER ;
/*!50003 SET sql_mode              = @saved_sql_mode */ ;
/*!50003 SET character_set_client  = @saved_cs_client */ ;
/*!50003 SET character_set_results = @saved_cs_results */ ;
/*!50003 SET collation_connection  = @saved_col_connection */ ;
/*!50003 DROP PROCEDURE IF EXISTS `spGuardaDetalleHorario` */;
/*!50003 SET @saved_cs_client      = @@character_set_client */ ;
/*!50003 SET @saved_cs_results     = @@character_set_results */ ;
/*!50003 SET @saved_col_connection = @@collation_connection */ ;
/*!50003 SET character_set_client  = utf8 */ ;
/*!50003 SET character_set_results = utf8 */ ;
/*!50003 SET collation_connection  = utf8_general_ci */ ;
/*!50003 SET @saved_sql_mode       = @@sql_mode */ ;
/*!50003 SET sql_mode              = 'ONLY_FULL_GROUP_BY,STRICT_TRANS_TABLES,NO_ZERO_IN_DATE,NO_ZERO_DATE,ERROR_FOR_DIVISION_BY_ZERO,NO_ENGINE_SUBSTITUTION' */ ;
DELIMITER ;;
CREATE DEFINER=`root`@`localhost` PROCEDURE `spGuardaDetalleHorario`(in idHora decimal(5,0), in diaSemana decimal(1,0), 
	in horaEntrada char(5), in horaSalida char(5), in idUsr int, in estatus char(1))
begin
declare existe int;
declare usuario varchar(20);
set existe=(select count(*) from DDETHOR d where d.NIDHORA=idHora and d.NDIASEM=diaSemana);
if existe=0 then
	set existe=(select count(*) from CHORARS where CHORARS.NIDHORA = idHora);
    if existe=1 then
		set usuario =(select i.DUSUARI from DINISES i where i.DIDEUSR = idUsr);
		INSERT INTO DDETHOR(NIDHORA,NDIASEM,CHORENT,CHORSAL,CSTATUS, CUSUINS, DFECINS)
		VALUES(idHora,diaSemana,horaEntrada,horaSalida,estatus, usuario, curdate());
		select 1 as resultado, 'Detalle registrado exitosamente' as mensaje;
	else
		select -1 as resultado, 'El id horario no existe' as mensaje;
	end if;
else
	select 0 as resultado, 'Ese detalle ya existe' as mensaje;
end if;
end ;;
DELIMITER ;
/*!50003 SET sql_mode              = @saved_sql_mode */ ;
/*!50003 SET character_set_client  = @saved_cs_client */ ;
/*!50003 SET character_set_results = @saved_cs_results */ ;
/*!50003 SET collation_connection  = @saved_col_connection */ ;
/*!50003 DROP PROCEDURE IF EXISTS `spGuardaHorario` */;
/*!50003 SET @saved_cs_client      = @@character_set_client */ ;
/*!50003 SET @saved_cs_results     = @@character_set_results */ ;
/*!50003 SET @saved_col_connection = @@collation_connection */ ;
/*!50003 SET character_set_client  = utf8 */ ;
/*!50003 SET character_set_results = utf8 */ ;
/*!50003 SET collation_connection  = utf8_general_ci */ ;
/*!50003 SET @saved_sql_mode       = @@sql_mode */ ;
/*!50003 SET sql_mode              = 'ONLY_FULL_GROUP_BY,STRICT_TRANS_TABLES,NO_ZERO_IN_DATE,NO_ZERO_DATE,ERROR_FOR_DIVISION_BY_ZERO,NO_ENGINE_SUBSTITUTION' */ ;
DELIMITER ;;
CREATE DEFINER=`root`@`localhost` PROCEDURE `spGuardaHorario`(in descripcion varchar(100), in idUsr int, in estatus char(1))
begin
declare idHorario int;
declare usuario varchar(20);
	set idHorario=(select max(NIDHORA) from CHORARS )+1;
	set usuario =(select i.DUSUARI from DINISES i where i.DIDEUSR = idUsr);
	INSERT INTO CHORARS(NIDHORA,CDESCHR,CSTATUS, CUSUINS, DFECINS)
	VALUES(idHorario,descripcion,estatus,usuario,curdate());
	select 1 as resultado, 'Horario registrado exitosamente' as mensaje;
end ;;
DELIMITER ;
/*!50003 SET sql_mode              = @saved_sql_mode */ ;
/*!50003 SET character_set_client  = @saved_cs_client */ ;
/*!50003 SET character_set_results = @saved_cs_results */ ;
/*!50003 SET collation_connection  = @saved_col_connection */ ;
/*!50003 DROP PROCEDURE IF EXISTS `spIncidencias` */;
/*!50003 SET @saved_cs_client      = @@character_set_client */ ;
/*!50003 SET @saved_cs_results     = @@character_set_results */ ;
/*!50003 SET @saved_col_connection = @@collation_connection */ ;
/*!50003 SET character_set_client  = utf8mb4 */ ;
/*!50003 SET character_set_results = utf8mb4 */ ;
/*!50003 SET collation_connection  = utf8mb4_general_ci */ ;
/*!50003 SET @saved_sql_mode       = @@sql_mode */ ;
/*!50003 SET sql_mode              = 'ONLY_FULL_GROUP_BY,STRICT_TRANS_TABLES,NO_ZERO_IN_DATE,NO_ZERO_DATE,ERROR_FOR_DIVISION_BY_ZERO,NO_ENGINE_SUBSTITUTION' */ ;
DELIMITER ;;
CREATE DEFINER=`root`@`localhost` PROCEDURE `spIncidencias`(in fechaInicio date,fechaFin date, idUsr int)
begin
declare entrada time;
declare salida time;
declare tipoInc char;
declare clave char(6);
declare fecha date;
declare diferencia time;
declare acabo boolean default false;
declare cursorEmpleados cursor for select  ccveemp from ddatemp where cstatus like 'A';
declare continue handler for not found set acabo = true;
if(fechaInicio <= fechafin) then
	drop table if exists registros;
	create temporary table registros(
		clave char(6),
		maximo datetime,
		minimo datetime,
		fecha date);
	insert into registros 
		select ccveemp as clave,  max(dfecreg) as maximo, min(dfecreg) as minimo,cast(dfecreg as date) as fecha from pregasi
			where cast(dfecreg as date) between fechaInicio and fechaFin
			group by cast(dfecreg as date), ccveemp;
    -- por cada dia desde la fecha de inicio hasta la fecha de fin

	open cursorEmpleados;
            -- para cada empleado activo
	recorre: loop 
		set fecha=fechaInicio;
		fetch cursorEmpleados into clave;
		if acabo then
			leave recorre;
		end if;
		while(fecha<=fechaFin) do
		-- si es dia laborable
			if (select count(*) from mdiasnl where dfechnl = fecha) = 0 then
				if(select count(*) from registros r where r.clave=clave and r.fecha=fecha)=0 then
					-- no fue ese dia
					if(select count(*) from dhremps h, ddethor d where d.nidhora=h.nidhora and d.ndiasem=dayofweek(fecha) and h.ccveemp=clave and d.cstatus like'A') = 1 then
						-- debi haber ido
						if(select count(*) from tincemp where ccveemp =clave and dfecinc=fecha and ctipinc='D')=0 then
							insert into tincemp (ccveemp, dfecinc, ctipinc, cusuins, dfecins) values (clave, fecha, 'D', (select DUSUARI from dinises where DIDEUSR = idUsr), curdate());
						end if;
					end if;
				else
					set entrada=(select cast(r.minimo as time) from registros r where r.clave=clave and r.fecha=fecha);
					set salida=(select cast(r.maximo as time) from registros r where r.clave=clave and r.fecha=fecha);
					if(timediff(salida,
					(select cast(d.chorsal as time) from dhremps h, ddethor d where d.nidhora=h.nidhora and d.ndiasem=dayofweek(fecha) and h.ccveemp=clave and d.cstatus like'A')))<'00:00:00' or
					(timediff(entrada,
					(select cast(d.chorent as time) from dhremps h, ddethor d where d.nidhora=h.nidhora and d.ndiasem=dayofweek(fecha) and h.ccveemp=clave and d.cstatus like'A')))>'00:10:59' then
						set diferencia=timediff(salida,entrada);
						-- entrada y salida igual
                        set tipoInc='';
						if diferencia =  0 then
							set tipoInc='O';
						else
							set diferencia=timediff(salida,
								(select cast(d.chorsal as time) from dhremps h, ddethor d where d.nidhora=h.nidhora and d.ndiasem=dayofweek(fecha) and h.ccveemp=clave and d.cstatus like'A'));
                                if diferencia <'00:00:00' then
									set tipoInc='A';
								end if;
						end if;
                        if(tipoInc='A' or tipoInc='O' )and(select count(*) from tincemp where ccveemp =clave and dfecinc=fecha and (ctipinc='O' or ctipinc='A'))=0 then
							insert into tincemp (ccveemp, dfecinc, ctipinc, cusuins, dfecins) values (clave, fecha, tipoInc, (select DUSUARI from dinises where DIDEUSR = idUsr), curdate());
						end if;
                        set tipoInc='';
                        set diferencia=timediff(entrada,
							(select cast(d.chorent as time) from dhremps h, ddethor d where d.nidhora=h.nidhora and d.ndiasem=dayofweek(fecha) and h.ccveemp=clave and d.cstatus like'A'));
						if diferencia > '00:30:59' then
							set tipoInc='T';
						else
							if diferencia > '00:20:59' then
								set tipoInc='Y';
							else
								if diferencia >'00:10:59' then
									set tipoInc='N';
								end if;
							end if;
						end if;
						if (tipoInc = 'T' or tipoInc = 'Y' or tipoInc = 'N') and (select count(*) from tincemp where ccveemp =clave and dfecinc=fecha and ctipinc in ('T','Y','N'))=0 then
							insert into tincemp (ccveemp, dfecinc, ctipinc, cusuins, dfecins) values (clave, fecha, tipoInc, (select DUSUARI from dinises where DIDEUSR = idUsr), curdate());
						end if;
					end if;
				end if;				
			end if;
			set fecha=adddate(fecha,interval 1 day);
		end while;
    end loop recorre;
	close cursorEmpleados;
else
	select 'Fecha inicio mayor que fecha fin' as mensaje;
end if;
select 'Procesado correctamente' as mensaje;
end ;;
DELIMITER ;
/*!50003 SET sql_mode              = @saved_sql_mode */ ;
/*!50003 SET character_set_client  = @saved_cs_client */ ;
/*!50003 SET character_set_results = @saved_cs_results */ ;
/*!50003 SET collation_connection  = @saved_col_connection */ ;
/*!50003 DROP PROCEDURE IF EXISTS `spLogin` */;
/*!50003 SET @saved_cs_client      = @@character_set_client */ ;
/*!50003 SET @saved_cs_results     = @@character_set_results */ ;
/*!50003 SET @saved_col_connection = @@collation_connection */ ;
/*!50003 SET character_set_client  = utf8 */ ;
/*!50003 SET character_set_results = utf8 */ ;
/*!50003 SET collation_connection  = utf8_general_ci */ ;
/*!50003 SET @saved_sql_mode       = @@sql_mode */ ;
/*!50003 SET sql_mode              = 'ONLY_FULL_GROUP_BY,STRICT_TRANS_TABLES,NO_ZERO_IN_DATE,NO_ZERO_DATE,ERROR_FOR_DIVISION_BY_ZERO,NO_ENGINE_SUBSTITUTION' */ ;
DELIMITER ;;
CREATE DEFINER=`root`@`localhost` PROCEDURE `spLogin`(in usr varchar(20), in psw varchar(20))
begin
	select DIDEUSR as id from DINISES where DUSUARI = usr and DPASWRD = psw;
end ;;
DELIMITER ;
/*!50003 SET sql_mode              = @saved_sql_mode */ ;
/*!50003 SET character_set_client  = @saved_cs_client */ ;
/*!50003 SET character_set_results = @saved_cs_results */ ;
/*!50003 SET collation_connection  = @saved_col_connection */ ;
/*!50003 DROP PROCEDURE IF EXISTS `spModificaDetalleHorario` */;
/*!50003 SET @saved_cs_client      = @@character_set_client */ ;
/*!50003 SET @saved_cs_results     = @@character_set_results */ ;
/*!50003 SET @saved_col_connection = @@collation_connection */ ;
/*!50003 SET character_set_client  = utf8 */ ;
/*!50003 SET character_set_results = utf8 */ ;
/*!50003 SET collation_connection  = utf8_general_ci */ ;
/*!50003 SET @saved_sql_mode       = @@sql_mode */ ;
/*!50003 SET sql_mode              = 'ONLY_FULL_GROUP_BY,STRICT_TRANS_TABLES,NO_ZERO_IN_DATE,NO_ZERO_DATE,ERROR_FOR_DIVISION_BY_ZERO,NO_ENGINE_SUBSTITUTION' */ ;
DELIMITER ;;
CREATE DEFINER=`root`@`localhost` PROCEDURE `spModificaDetalleHorario`(in idHora decimal(5,0), in diaSemana decimal(1,0),
	in horaEntrada char(5), in horaSalida char(5), in idUsr int, in estatus char(1))
begin
declare existe int;
declare usuario varchar(20);

set existe=(select count(*) from CHORARS where CHORARS.NIDHORA = idHora);
if existe>0 then
	set existe=(select count(*) from DDETHOR d where d.NIDHORA=idHora and d.NDIASEM=diaSemana);
    if existe=1 then
		set usuario =(select i.DUSUARI from DINISES i where i.DIDEUSR = idUsr);
        update DDETHOR set
        CHORENT=horaEntrada,CHORSAL=horaSalida,CSTATUS=estatus,CUSUMOD=usuario, DFECMOD=curdate()
        where NIDHORA=idHora and NDIASEM=diaSemana;
		select 1 as resultado, 'Detalle modificado exitosamente' as mensaje;
	else
		select -2 as resultado, 'Ese detalle no existe' as mensaje;
	end if;
else
	select -1 as resultado, 'El id horario no existe' as mensaje;
end if;
end ;;
DELIMITER ;
/*!50003 SET sql_mode              = @saved_sql_mode */ ;
/*!50003 SET character_set_client  = @saved_cs_client */ ;
/*!50003 SET character_set_results = @saved_cs_results */ ;
/*!50003 SET collation_connection  = @saved_col_connection */ ;
/*!50003 DROP PROCEDURE IF EXISTS `spModificaEmpleado` */;
/*!50003 SET @saved_cs_client      = @@character_set_client */ ;
/*!50003 SET @saved_cs_results     = @@character_set_results */ ;
/*!50003 SET @saved_col_connection = @@collation_connection */ ;
/*!50003 SET character_set_client  = utf8 */ ;
/*!50003 SET character_set_results = utf8 */ ;
/*!50003 SET collation_connection  = utf8_general_ci */ ;
/*!50003 SET @saved_sql_mode       = @@sql_mode */ ;
/*!50003 SET sql_mode              = 'ONLY_FULL_GROUP_BY,STRICT_TRANS_TABLES,NO_ZERO_IN_DATE,NO_ZERO_DATE,ERROR_FOR_DIVISION_BY_ZERO,NO_ENGINE_SUBSTITUTION' */ ;
DELIMITER ;;
CREATE DEFINER=`root`@`localhost` PROCEDURE `spModificaEmpleado`(in clave char(6), in nombre varchar(35), in apellidoPaterno varchar(35),in apellidoMaterno varchar(35),
	in curp varchar(18), in calle varchar(35), in numeroExt varchar(35), in numeroInt varchar(35),
    in colonia varchar(50), in codigoPost char(5), in estado varchar(35), in municipio varchar(35),
    in estatus char(1), in usuarioMod int)
begin
declare existe int;
declare usuario varchar(20);
set existe= (select count(*) from DDATEMP d where d.CCVEEMP = clave and d.CCURPEM = curp);
if existe = 1 then
	set usuario =(select i.DUSUARI from DINISES i where i.DIDEUSR = usuarioMod);
    update DDATEMP 	set
    CNOMBRE = nombre, CAPEUNO=apellidoPaterno,CAPEDOS=apellidoMaterno,
       CNMCALL=calle,CNUMEXT=numeroExt,CNUMINT=numeroInt,CCOLONI=colonia,
       CCODPOS=codigoPost,NIDESTA=(select e.NIDESTA from CESTADS e where e.CNOMEST=estado),NIDMUNI=(select m.NIDMUNI from CMUNICS m where m.CNOMMUN= municipio),CSTATUS=estatus,
       CUSUMOD=usuario, DFECMOD=curdate()
       where CCVEEMP = clave;
    select 1 as resultado, 'Empleado actualizado exitosamente' as mensaje;   
else
	select 0 as resultado, 'Ese empelado no existe' as mensaje;
end if;
end ;;
DELIMITER ;
/*!50003 SET sql_mode              = @saved_sql_mode */ ;
/*!50003 SET character_set_client  = @saved_cs_client */ ;
/*!50003 SET character_set_results = @saved_cs_results */ ;
/*!50003 SET collation_connection  = @saved_col_connection */ ;
/*!50003 DROP PROCEDURE IF EXISTS `spModificaHorario` */;
/*!50003 SET @saved_cs_client      = @@character_set_client */ ;
/*!50003 SET @saved_cs_results     = @@character_set_results */ ;
/*!50003 SET @saved_col_connection = @@collation_connection */ ;
/*!50003 SET character_set_client  = utf8 */ ;
/*!50003 SET character_set_results = utf8 */ ;
/*!50003 SET collation_connection  = utf8_general_ci */ ;
/*!50003 SET @saved_sql_mode       = @@sql_mode */ ;
/*!50003 SET sql_mode              = 'ONLY_FULL_GROUP_BY,STRICT_TRANS_TABLES,NO_ZERO_IN_DATE,NO_ZERO_DATE,ERROR_FOR_DIVISION_BY_ZERO,NO_ENGINE_SUBSTITUTION' */ ;
DELIMITER ;;
CREATE DEFINER=`root`@`localhost` PROCEDURE `spModificaHorario`(in idHorario decimal(5), in descripcion varchar(100),
	in estatus char(1), in id int)
begin
declare existe int;
declare usuario varchar(20);
set existe=(select count(*) from CHORARS where CHORARS.NIDHORA = idHorario);
if existe=1 then
	set usuario =(select i.DUSUARI from DINISES i where i.DIDEUSR = id);
    update CHORARS set
		CDESCHR = descripcion, CSTATUS = estatus, CUSUMOD= usuario, DFECMOD =curdate()
        where NIDHORA = idHorario;
        select 0 as resultado, 'Horario modificado exitosamente'  as mensaje;
else
	select -1 as resultado, 'Horario no existe'  as mensaje;
end if;
end ;;
DELIMITER ;
/*!50003 SET sql_mode              = @saved_sql_mode */ ;
/*!50003 SET character_set_client  = @saved_cs_client */ ;
/*!50003 SET character_set_results = @saved_cs_results */ ;
/*!50003 SET collation_connection  = @saved_col_connection */ ;
/*!50003 DROP PROCEDURE IF EXISTS `spModificaHorarioEmpleado` */;
/*!50003 SET @saved_cs_client      = @@character_set_client */ ;
/*!50003 SET @saved_cs_results     = @@character_set_results */ ;
/*!50003 SET @saved_col_connection = @@collation_connection */ ;
/*!50003 SET character_set_client  = utf8mb4 */ ;
/*!50003 SET character_set_results = utf8mb4 */ ;
/*!50003 SET collation_connection  = utf8mb4_general_ci */ ;
/*!50003 SET @saved_sql_mode       = @@sql_mode */ ;
/*!50003 SET sql_mode              = 'ONLY_FULL_GROUP_BY,STRICT_TRANS_TABLES,NO_ZERO_IN_DATE,NO_ZERO_DATE,ERROR_FOR_DIVISION_BY_ZERO,NO_ENGINE_SUBSTITUTION' */ ;
DELIMITER ;;
CREATE DEFINER=`root`@`localhost` PROCEDURE `spModificaHorarioEmpleado`(in claveEmpleado char(6), in idHorario decimal(5,0), in idUsr int, in estatus char)
begin
declare existe int;
set existe=(select count(*) from DDATEMP where CCVEEMP = claveEmpleado);
if existe=1 then
	set existe =(select count(*) from CHORARS where NIDHORA = idHorario);
    if existe =1 then
		set existe =(select count(*) from DHREMPS where CCVEEMP = claveEmpleado and NIDHORA = idHorario);
        if existe = 1 then
			update DHREMPS set cstatus = estatus, cusumod = (select i.DUSUARI from DINISES i where i.DIDEUSR = idUsr), dfecmod = curdate()
				where nidhora = idHorario and ccveemp =  claveEmpleado;
			select 1 as resultado, 'Actualizado exitosamente' as mensaje;
		else
			select -2 as resultado, 'Ese empelado no tiene asignado ese horario' as mensaje;
        end if;
	else
		select -1 as resultado, 'Ese horario no existe' as mensaje;
	end if;
else
	select 0 as resultado, 'Ese empelado no existe' as mensaje;
end if;
end ;;
DELIMITER ;
/*!50003 SET sql_mode              = @saved_sql_mode */ ;
/*!50003 SET character_set_client  = @saved_cs_client */ ;
/*!50003 SET character_set_results = @saved_cs_results */ ;
/*!50003 SET collation_connection  = @saved_col_connection */ ;
/*!50003 DROP PROCEDURE IF EXISTS `spRegistraEmpleado` */;
/*!50003 SET @saved_cs_client      = @@character_set_client */ ;
/*!50003 SET @saved_cs_results     = @@character_set_results */ ;
/*!50003 SET @saved_col_connection = @@collation_connection */ ;
/*!50003 SET character_set_client  = utf8 */ ;
/*!50003 SET character_set_results = utf8 */ ;
/*!50003 SET collation_connection  = utf8_general_ci */ ;
/*!50003 SET @saved_sql_mode       = @@sql_mode */ ;
/*!50003 SET sql_mode              = 'ONLY_FULL_GROUP_BY,STRICT_TRANS_TABLES,NO_ZERO_IN_DATE,NO_ZERO_DATE,ERROR_FOR_DIVISION_BY_ZERO,NO_ENGINE_SUBSTITUTION' */ ;
DELIMITER ;;
CREATE DEFINER=`root`@`localhost` PROCEDURE `spRegistraEmpleado`(in clave char(6), in nombre varchar(35), in apellidoPaterno varchar(35),in apellidoMaterno varchar(35),
	in curp varchar(18), in fechaIngreso date, in calle varchar(35), in numeroExt varchar(35), in numeroInt varchar(35),
    in colonia varchar(50), in codigoPost char(5), in estado varchar(35), in municipio varchar(35),
    in estatus char(1), in usuarioInser int)
begin
declare usuario varchar(30);
declare existe int;
set existe= (select count(*) from DDATEMP d where d.CCURPEM = curp or d.CCVEEMP = clave);
if existe = 0 then
	set usuario =(select i.DUSUARI from DINISES i where i.DIDEUSR = usuarioInser);
    insert into DDATEMP(CCVEEMP,CNOMBRE,CAPEUNO,CAPEDOS,CCURPEM,DFECING,
       CNMCALL,CNUMEXT,CNUMINT,CCOLONI,CCODPOS,NIDESTA,NIDMUNI,CSTATUS, CUSUINS, DFECINS)
values(clave,nombre,apellidoPaterno,apellidoMaterno,curp,fechaIngreso,calle,numeroext,
numeroInt,colonia,codigoPost,(select e.NIDESTA from CESTADS e where e.CNOMEST=estado),(select m.NIDMUNI from CMUNICS m where m.CNOMMUN= municipio),estatus, usuario, curdate());
select 1 as resultado, 'Empleado registrado exitosamente' as mensaje;
else
	select 0 as resultado, 'Ese empelado ya existe' as mensaje;
end if;
end ;;
DELIMITER ;
/*!50003 SET sql_mode              = @saved_sql_mode */ ;
/*!50003 SET character_set_client  = @saved_cs_client */ ;
/*!50003 SET character_set_results = @saved_cs_results */ ;
/*!50003 SET collation_connection  = @saved_col_connection */ ;
/*!50003 DROP PROCEDURE IF EXISTS `spRegistroAsistencia` */;
/*!50003 SET @saved_cs_client      = @@character_set_client */ ;
/*!50003 SET @saved_cs_results     = @@character_set_results */ ;
/*!50003 SET @saved_col_connection = @@collation_connection */ ;
/*!50003 SET character_set_client  = utf8mb4 */ ;
/*!50003 SET character_set_results = utf8mb4 */ ;
/*!50003 SET collation_connection  = utf8mb4_general_ci */ ;
/*!50003 SET @saved_sql_mode       = @@sql_mode */ ;
/*!50003 SET sql_mode              = 'STRICT_TRANS_TABLES,NO_ENGINE_SUBSTITUTION' */ ;
DELIMITER ;;
CREATE DEFINER=`root`@`localhost` PROCEDURE `spRegistroAsistencia`(in claveEmpleado char(6), in fecha datetime, in biometrico decimal(2,0),
	in estatus char(1), in idUsr int)
begin
declare existe int;
set existe=(select count(*) from DDATEMP where CCVEEMP=claveEmpleado);
if existe=1 then
	set existe=(select count(*) from PREGASI where CCVEEMP=claveEmpleado and DFECREG=fecha);
	if existe=0 then
		insert into PREGASI (CCVEEMP,DFECREG,CNUMBIO,CSTATUS,CUSUINS, DFECINS) values
			(claveEmpleado, fecha, biometrico, estatus, (select i.DUSUARI from DINISES i where i.DIDEUSR = idUsr), curdate());
		select 1 as resultado, 'Registrado' as mensaje;
	else
		select -1 as resultado, 'Ya está registrado' as mensaje;
	end if;
else
		select -1 as resultado, 'Empleado no existe' as mensaje;
end if;
end ;;
DELIMITER ;
/*!50003 SET sql_mode              = @saved_sql_mode */ ;
/*!50003 SET character_set_client  = @saved_cs_client */ ;
/*!50003 SET character_set_results = @saved_cs_results */ ;
/*!50003 SET collation_connection  = @saved_col_connection */ ;

--
-- Final view structure for view `asistencias`
--

/*!50001 DROP VIEW IF EXISTS `asistencias`*/;
/*!50001 SET @saved_cs_client          = @@character_set_client */;
/*!50001 SET @saved_cs_results         = @@character_set_results */;
/*!50001 SET @saved_col_connection     = @@collation_connection */;
/*!50001 SET character_set_client      = utf8mb4 */;
/*!50001 SET character_set_results     = utf8mb4 */;
/*!50001 SET collation_connection      = utf8mb4_general_ci */;
/*!50001 CREATE ALGORITHM=UNDEFINED */
/*!50013 DEFINER=`root`@`localhost` SQL SECURITY DEFINER */
/*!50001 VIEW `asistencias` AS select `pregasi`.`CCVEEMP` AS `claveEmpleado`,`pregasi`.`DFECREG` AS `fecha`,`pregasi`.`CNUMBIO` AS `biometrico` from `pregasi` where (`pregasi`.`CSTATUS` = 'A') */;
/*!50001 SET character_set_client      = @saved_cs_client */;
/*!50001 SET character_set_results     = @saved_cs_results */;
/*!50001 SET collation_connection      = @saved_col_connection */;

--
-- Final view structure for view `detallehorario`
--

/*!50001 DROP VIEW IF EXISTS `detallehorario`*/;
/*!50001 SET @saved_cs_client          = @@character_set_client */;
/*!50001 SET @saved_cs_results         = @@character_set_results */;
/*!50001 SET @saved_col_connection     = @@collation_connection */;
/*!50001 SET character_set_client      = utf8 */;
/*!50001 SET character_set_results     = utf8 */;
/*!50001 SET collation_connection      = utf8_general_ci */;
/*!50001 CREATE ALGORITHM=UNDEFINED */
/*!50013 DEFINER=`root`@`localhost` SQL SECURITY DEFINER */
/*!50001 VIEW `detallehorario` AS select `d`.`CHORENT` AS `entrada`,`d`.`CHORSAL` AS `salida`,`d`.`NIDHORA` AS `idHorario`,`d`.`CSTATUS` AS `estatus`,`d`.`NDIASEM` AS `dia` from `ddethor` `d` */;
/*!50001 SET character_set_client      = @saved_cs_client */;
/*!50001 SET character_set_results     = @saved_cs_results */;
/*!50001 SET collation_connection      = @saved_col_connection */;

--
-- Final view structure for view `empleados`
--

/*!50001 DROP VIEW IF EXISTS `empleados`*/;
/*!50001 SET @saved_cs_client          = @@character_set_client */;
/*!50001 SET @saved_cs_results         = @@character_set_results */;
/*!50001 SET @saved_col_connection     = @@collation_connection */;
/*!50001 SET character_set_client      = utf8 */;
/*!50001 SET character_set_results     = utf8 */;
/*!50001 SET collation_connection      = utf8_general_ci */;
/*!50001 CREATE ALGORITHM=UNDEFINED */
/*!50013 DEFINER=`root`@`localhost` SQL SECURITY DEFINER */
/*!50001 VIEW `empleados` AS select concat(`e`.`CNOMBRE`,' ',`e`.`CAPEUNO`,' ',`e`.`CAPEDOS`) AS `nombre`,`e`.`CCVEEMP` AS `clave` from `ddatemp` `e` where (`e`.`CSTATUS` = 'A') */;
/*!50001 SET character_set_client      = @saved_cs_client */;
/*!50001 SET character_set_results     = @saved_cs_results */;
/*!50001 SET collation_connection      = @saved_col_connection */;

--
-- Final view structure for view `empleadoscomp`
--

/*!50001 DROP VIEW IF EXISTS `empleadoscomp`*/;
/*!50001 SET @saved_cs_client          = @@character_set_client */;
/*!50001 SET @saved_cs_results         = @@character_set_results */;
/*!50001 SET @saved_col_connection     = @@collation_connection */;
/*!50001 SET character_set_client      = utf8 */;
/*!50001 SET character_set_results     = utf8 */;
/*!50001 SET collation_connection      = utf8_general_ci */;
/*!50001 CREATE ALGORITHM=UNDEFINED */
/*!50013 DEFINER=`root`@`localhost` SQL SECURITY DEFINER */
/*!50001 VIEW `empleadoscomp` AS select `d`.`CNOMBRE` AS `nombre`,`d`.`CAPEUNO` AS `apellidoPaterno`,`d`.`CAPEDOS` AS `apellidoMaterno`,`d`.`CCURPEM` AS `curp`,`d`.`DFECING` AS `fechaInicio`,`d`.`CNMCALL` AS `calle`,`d`.`CNUMEXT` AS `numeroEx`,`d`.`CNUMINT` AS `numeroIn`,`d`.`CCOLONI` AS `colonia`,`d`.`CCODPOS` AS `codigoPostal`,`e`.`CNOMEST` AS `estado`,`m`.`CNOMMUN` AS `municipio`,`d`.`CSTATUS` AS `estatus`,`d`.`CCVEEMP` AS `clave` from ((`ddatemp` `d` join `cestads` `e` on((`e`.`NIDESTA` = `d`.`NIDESTA`))) join `cmunics` `m` on(((`m`.`NIDMUNI` = `d`.`NIDMUNI`) and (`e`.`NIDESTA` = `m`.`NIDESTA`)))) where (`d`.`CSTATUS` = 'A') */;
/*!50001 SET character_set_client      = @saved_cs_client */;
/*!50001 SET character_set_results     = @saved_cs_results */;
/*!50001 SET collation_connection      = @saved_col_connection */;

--
-- Final view structure for view `estados`
--

/*!50001 DROP VIEW IF EXISTS `estados`*/;
/*!50001 SET @saved_cs_client          = @@character_set_client */;
/*!50001 SET @saved_cs_results         = @@character_set_results */;
/*!50001 SET @saved_col_connection     = @@collation_connection */;
/*!50001 SET character_set_client      = utf8 */;
/*!50001 SET character_set_results     = utf8 */;
/*!50001 SET collation_connection      = utf8_general_ci */;
/*!50001 CREATE ALGORITHM=UNDEFINED */
/*!50013 DEFINER=`root`@`localhost` SQL SECURITY DEFINER */
/*!50001 VIEW `estados` AS select `e`.`CNOMEST` AS `estado`,`e`.`NIDESTA` AS `id` from `cestads` `e` order by `e`.`NIDESTA` */;
/*!50001 SET character_set_client      = @saved_cs_client */;
/*!50001 SET character_set_results     = @saved_cs_results */;
/*!50001 SET collation_connection      = @saved_col_connection */;

--
-- Final view structure for view `horarioempleado`
--

/*!50001 DROP VIEW IF EXISTS `horarioempleado`*/;
/*!50001 SET @saved_cs_client          = @@character_set_client */;
/*!50001 SET @saved_cs_results         = @@character_set_results */;
/*!50001 SET @saved_col_connection     = @@collation_connection */;
/*!50001 SET character_set_client      = utf8mb4 */;
/*!50001 SET character_set_results     = utf8mb4 */;
/*!50001 SET collation_connection      = utf8mb4_general_ci */;
/*!50001 CREATE ALGORITHM=UNDEFINED */
/*!50013 DEFINER=`root`@`localhost` SQL SECURITY DEFINER */
/*!50001 VIEW `horarioempleado` AS select `dhremps`.`NIDHORA` AS `idHorario`,`dhremps`.`CCVEEMP` AS `claveEmpleado`,`dhremps`.`DFECAIS` AS `fechaAsignacion`,`dhremps`.`CSTATUS` AS `estatus` from `dhremps` */;
/*!50001 SET character_set_client      = @saved_cs_client */;
/*!50001 SET character_set_results     = @saved_cs_results */;
/*!50001 SET collation_connection      = @saved_col_connection */;

--
-- Final view structure for view `horarios`
--

/*!50001 DROP VIEW IF EXISTS `horarios`*/;
/*!50001 SET @saved_cs_client          = @@character_set_client */;
/*!50001 SET @saved_cs_results         = @@character_set_results */;
/*!50001 SET @saved_col_connection     = @@collation_connection */;
/*!50001 SET character_set_client      = utf8 */;
/*!50001 SET character_set_results     = utf8 */;
/*!50001 SET collation_connection      = utf8_general_ci */;
/*!50001 CREATE ALGORITHM=UNDEFINED */
/*!50013 DEFINER=`root`@`localhost` SQL SECURITY DEFINER */
/*!50001 VIEW `horarios` AS select (select count(0) from `detallehorario` where (`detallehorario`.`idHorario` = `h`.`NIDHORA`)) AS `numeroDetalles`,`h`.`NIDHORA` AS `id`,`h`.`CSTATUS` AS `estatus`,`h`.`CDESCHR` AS `descripcion` from `chorars` `h` */;
/*!50001 SET character_set_client      = @saved_cs_client */;
/*!50001 SET character_set_results     = @saved_cs_results */;
/*!50001 SET collation_connection      = @saved_col_connection */;

--
-- Final view structure for view `incidencias`
--

/*!50001 DROP VIEW IF EXISTS `incidencias`*/;
/*!50001 SET @saved_cs_client          = @@character_set_client */;
/*!50001 SET @saved_cs_results         = @@character_set_results */;
/*!50001 SET @saved_col_connection     = @@collation_connection */;
/*!50001 SET character_set_client      = utf8mb4 */;
/*!50001 SET character_set_results     = utf8mb4 */;
/*!50001 SET collation_connection      = utf8mb4_general_ci */;
/*!50001 CREATE ALGORITHM=UNDEFINED */
/*!50013 DEFINER=`root`@`localhost` SQL SECURITY DEFINER */
/*!50001 VIEW `incidencias` AS select `i`.`CCVEEMP` AS `clave`,concat(`d`.`CNOMBRE`,' ',`d`.`CAPEUNO`,' ',`d`.`CAPEDOS`) AS `nombre`,`i`.`DFECINC` AS `fecha`,(case when (`i`.`CTIPINC` = 'N') then 'Retardo menor' when (`i`.`CTIPINC` = 'Y') then 'Retardo mayor' when (`i`.`CTIPINC` = 'T') then 'Falta por llegar tarde' when (`i`.`CTIPINC` = 'A') then 'Falta por salida anticipada' when (`i`.`CTIPINC` = 'O') then 'Falta por omisión salida' when (`i`.`CTIPINC` = 'D') then 'Falta todo el dia' else 'error en el tipo de incidencia' end) AS `tipo` from (`tincemp` `i` join `ddatemp` `d`) where (`i`.`CCVEEMP` = `d`.`CCVEEMP`) order by `i`.`CCVEEMP`,`i`.`DFECINC` */;
/*!50001 SET character_set_client      = @saved_cs_client */;
/*!50001 SET character_set_results     = @saved_cs_results */;
/*!50001 SET collation_connection      = @saved_col_connection */;

--
-- Final view structure for view `municipios`
--

/*!50001 DROP VIEW IF EXISTS `municipios`*/;
/*!50001 SET @saved_cs_client          = @@character_set_client */;
/*!50001 SET @saved_cs_results         = @@character_set_results */;
/*!50001 SET @saved_col_connection     = @@collation_connection */;
/*!50001 SET character_set_client      = utf8 */;
/*!50001 SET character_set_results     = utf8 */;
/*!50001 SET collation_connection      = utf8_general_ci */;
/*!50001 CREATE ALGORITHM=UNDEFINED */
/*!50013 DEFINER=`root`@`localhost` SQL SECURITY DEFINER */
/*!50001 VIEW `municipios` AS select `m`.`CNOMMUN` AS `municipio`,`m`.`NIDESTA` AS `idE` from `cmunics` `m` order by `m`.`NIDESTA`,`m`.`NIDMUNI` */;
/*!50001 SET character_set_client      = @saved_cs_client */;
/*!50001 SET character_set_results     = @saved_cs_results */;
/*!50001 SET collation_connection      = @saved_col_connection */;
/*!40103 SET TIME_ZONE=@OLD_TIME_ZONE */;

/*!40101 SET SQL_MODE=@OLD_SQL_MODE */;
/*!40014 SET FOREIGN_KEY_CHECKS=@OLD_FOREIGN_KEY_CHECKS */;
/*!40014 SET UNIQUE_CHECKS=@OLD_UNIQUE_CHECKS */;
/*!40101 SET CHARACTER_SET_CLIENT=@OLD_CHARACTER_SET_CLIENT */;
/*!40101 SET CHARACTER_SET_RESULTS=@OLD_CHARACTER_SET_RESULTS */;
/*!40101 SET COLLATION_CONNECTION=@OLD_COLLATION_CONNECTION */;
/*!40111 SET SQL_NOTES=@OLD_SQL_NOTES */;

-- Dump completed on 2020-06-22 10:55:04
